Workbook

Sheet Control
A1: EVE · 03 CANONICAL CATALOG · CHIP RECTOR v0.1
A3: Metadato | B3: Valor | D3: KPI | E3: Valor
A4: chip_id | B4: EVE-03-CANONICAL-CATALOG | D4: Nodos canónicos | E4: =COUNTA(source_node_registry!C2:C165)
A5: package_id | B5: EVE_03_Canonical_Catalog_v0_1 | D5: Códigos fuente | E5: =COUNTA(source_code_registry!A2:A165)
A6: version | B6: 0.1.0 | D6: Variables registry | E6: =COUNTA(canonical_variables!A2:A258)
A7: estado calculado | B7: =IF(COUNTIF(canonical_variables!C2:C258,"referenced_not_defined_in_variables_source")>0,"READY_WITH_FLAGS","READY") | D7: Rutas críticas | E7: =COUNTA(critical_routes!A2:A5)
A8: generado UTC | B8: 46191.688 | D8: Políticas globales | E8: =COUNTIF(epistemic_policy!B2:B175,"global")
A9: fuente canónica | B9: D8 · EVE_Catalogo_Madre_Capa1_v1_0_Bloques_0_0_5_1_7.xlsx | D9: Políticas por nodo | E9: =COUNTIF(epistemic_policy!B2:B175,"node")
A10: dictamen | B10: READY_WITH_FLAGS: genealogía íntegra; variables pendientes explícitas; VSM solo preparatorio. | D10: Variables pendientes | E10: =COUNTIF(canonical_variables!C2:C258,"referenced_not_defined_in_variables_source")
A11: not_a_prompt | B11: TRUE | D11: Nombres duplicados fuente | E11: =COUNTIF(canonical_variables!F2:F258,">1")
A12: package_aliases | B12: EVE_03_Canonical_Catalog_Chip_v0_1 | D12: Miembros de rutas críticas | E12: =SUM(critical_routes!H2:H5)
A13: Inventario por bloque
A14: Bloque | B14: Nodos | C14: Base | D14: Condicional | E14: Aclaración | F14: Causal | G14: Interna | H14: Confirmación
A15: 0 | B15: =COUNTIF(source_node_registry!$E$2:$E$165,A15) | C15: =COUNTIFS(source_node_registry!$E$2:$E$165,A15,source_node_registry!$N$2:$N$165,"base_question") | D15: =COUNTIFS(source_node_registry!$E$2:$E$165,A15,source_node_registry!$N$2:$N$165,"conditional_question") | E15: =COUNTIFS(source_node_registry!$E$2:$E$165,A15,source_node_registry!$N$2:$N$165,"clarification_node") | F15: =COUNTIFS(source_node_registry!$E$2:$E$165,A15,source_node_registry!$N$2:$N$165,"causal_probe") | G15: =COUNTIFS(source_node_registry!$E$2:$E$165,A15,source_node_registry!$N$2:$N$165,"internal_derivation") | H15: =COUNTIFS(source_node_registry!$E$2:$E$165,A15,source_node_registry!$N$2:$N$165,"confirmation_card")
A16: 0.5 | B16: =COUNTIF(source_node_registry!$E$2:$E$165,A16) | C16: =COUNTIFS(source_node_registry!$E$2:$E$165,A16,source_node_registry!$N$2:$N$165,"base_question") | D16: =COUNTIFS(source_node_registry!$E$2:$E$165,A16,source_node_registry!$N$2:$N$165,"conditional_question") | E16: =COUNTIFS(source_node_registry!$E$2:$E$165,A16,source_node_registry!$N$2:$N$165,"clarification_node") | F16: =COUNTIFS(source_node_registry!$E$2:$E$165,A16,source_node_registry!$N$2:$N$165,"causal_probe") | G16: =COUNTIFS(source_node_registry!$E$2:$E$165,A16,source_node_registry!$N$2:$N$165,"internal_derivation") | H16: =COUNTIFS(source_node_registry!$E$2:$E$165,A16,source_node_registry!$N$2:$N$165,"confirmation_card")
A17: 1 | B17: =COUNTIF(source_node_registry!$E$2:$E$165,A17) | C17: =COUNTIFS(source_node_registry!$E$2:$E$165,A17,source_node_registry!$N$2:$N$165,"base_question") | D17: =COUNTIFS(source_node_registry!$E$2:$E$165,A17,source_node_registry!$N$2:$N$165,"conditional_question") | E17: =COUNTIFS(source_node_registry!$E$2:$E$165,A17,source_node_registry!$N$2:$N$165,"clarification_node") | F17: =COUNTIFS(source_node_registry!$E$2:$E$165,A17,source_node_registry!$N$2:$N$165,"causal_probe") | G17: =COUNTIFS(source_node_registry!$E$2:$E$165,A17,source_node_registry!$N$2:$N$165,"internal_derivation") | H17: =COUNTIFS(source_node_registry!$E$2:$E$165,A17,source_node_registry!$N$2:$N$165,"confirmation_card")
A18: 2 | B18: =COUNTIF(source_node_registry!$E$2:$E$165,A18) | C18: =COUNTIFS(source_node_registry!$E$2:$E$165,A18,source_node_registry!$N$2:$N$165,"base_question") | D18: =COUNTIFS(source_node_registry!$E$2:$E$165,A18,source_node_registry!$N$2:$N$165,"conditional_question") | E18: =COUNTIFS(source_node_registry!$E$2:$E$165,A18,source_node_registry!$N$2:$N$165,"clarification_node") | F18: =COUNTIFS(source_node_registry!$E$2:$E$165,A18,source_node_registry!$N$2:$N$165,"causal_probe") | G18: =COUNTIFS(source_node_registry!$E$2:$E$165,A18,source_node_registry!$N$2:$N$165,"internal_derivation") | H18: =COUNTIFS(source_node_registry!$E$2:$E$165,A18,source_node_registry!$N$2:$N$165,"confirmation_card")
A19: 3 | B19: =COUNTIF(source_node_registry!$E$2:$E$165,A19) | C19: =COUNTIFS(source_node_registry!$E$2:$E$165,A19,source_node_registry!$N$2:$N$165,"base_question") | D19: =COUNTIFS(source_node_registry!$E$2:$E$165,A19,source_node_registry!$N$2:$N$165,"conditional_question") | E19: =COUNTIFS(source_node_registry!$E$2:$E$165,A19,source_node_registry!$N$2:$N$165,"clarification_node") | F19: =COUNTIFS(source_node_registry!$E$2:$E$165,A19,source_node_registry!$N$2:$N$165,"causal_probe") | G19: =COUNTIFS(source_node_registry!$E$2:$E$165,A19,source_node_registry!$N$2:$N$165,"internal_derivation") | H19: =COUNTIFS(source_node_registry!$E$2:$E$165,A19,source_node_registry!$N$2:$N$165,"confirmation_card")
A20: 4 | B20: =COUNTIF(source_node_registry!$E$2:$E$165,A20) | C20: =COUNTIFS(source_node_registry!$E$2:$E$165,A20,source_node_registry!$N$2:$N$165,"base_question") | D20: =COUNTIFS(source_node_registry!$E$2:$E$165,A20,source_node_registry!$N$2:$N$165,"conditional_question") | E20: =COUNTIFS(source_node_registry!$E$2:$E$165,A20,source_node_registry!$N$2:$N$165,"clarification_node") | F20: =COUNTIFS(source_node_registry!$E$2:$E$165,A20,source_node_registry!$N$2:$N$165,"causal_probe") | G20: =COUNTIFS(source_node_registry!$E$2:$E$165,A20,source_node_registry!$N$2:$N$165,"internal_derivation") | H20: =COUNTIFS(source_node_registry!$E$2:$E$165,A20,source_node_registry!$N$2:$N$165,"confirmation_card")
A21: 5 | B21: =COUNTIF(source_node_registry!$E$2:$E$165,A21) | C21: =COUNTIFS(source_node_registry!$E$2:$E$165,A21,source_node_registry!$N$2:$N$165,"base_question") | D21: =COUNTIFS(source_node_registry!$E$2:$E$165,A21,source_node_registry!$N$2:$N$165,"conditional_question") | E21: =COUNTIFS(source_node_registry!$E$2:$E$165,A21,source_node_registry!$N$2:$N$165,"clarification_node") | F21: =COUNTIFS(source_node_registry!$E$2:$E$165,A21,source_node_registry!$N$2:$N$165,"causal_probe") | G21: =COUNTIFS(source_node_registry!$E$2:$E$165,A21,source_node_registry!$N$2:$N$165,"internal_derivation") | H21: =COUNTIFS(source_node_registry!$E$2:$E$165,A21,source_node_registry!$N$2:$N$165,"confirmation_card")
A22: 6 | B22: =COUNTIF(source_node_registry!$E$2:$E$165,A22) | C22: =COUNTIFS(source_node_registry!$E$2:$E$165,A22,source_node_registry!$N$2:$N$165,"base_question") | D22: =COUNTIFS(source_node_registry!$E$2:$E$165,A22,source_node_registry!$N$2:$N$165,"conditional_question") | E22: =COUNTIFS(source_node_registry!$E$2:$E$165,A22,source_node_registry!$N$2:$N$165,"clarification_node") | F22: =COUNTIFS(source_node_registry!$E$2:$E$165,A22,source_node_registry!$N$2:$N$165,"causal_probe") | G22: =COUNTIFS(source_node_registry!$E$2:$E$165,A22,source_node_registry!$N$2:$N$165,"internal_derivation") | H22: =COUNTIFS(source_node_registry!$E$2:$E$165,A22,source_node_registry!$N$2:$N$165,"confirmation_card")
A23: 7 | B23: =COUNTIF(source_node_registry!$E$2:$E$165,A23) | C23: =COUNTIFS(source_node_registry!$E$2:$E$165,A23,source_node_registry!$N$2:$N$165,"base_question") | D23: =COUNTIFS(source_node_registry!$E$2:$E$165,A23,source_node_registry!$N$2:$N$165,"conditional_question") | E23: =COUNTIFS(source_node_registry!$E$2:$E$165,A23,source_node_registry!$N$2:$N$165,"clarification_node") | F23: =COUNTIFS(source_node_registry!$E$2:$E$165,A23,source_node_registry!$N$2:$N$165,"causal_probe") | G23: =COUNTIFS(source_node_registry!$E$2:$E$165,A23,source_node_registry!$N$2:$N$165,"internal_derivation") | H23: =COUNTIFS(source_node_registry!$E$2:$E$165,A23,source_node_registry!$N$2:$N$165,"confirmation_card")
A26: Banderas de control
A27: ID | B27: Hallazgo | C27: Estado | D27: Acción
A28: FLAG-01 | B28: 33 variables referenciadas por nodos no aparecen definidas en Variables_Canonicas_Source. | C28: pending_variable_definition | D28: No inventar definición; resolver contra fuente o aprobar definición nueva.
A29: FLAG-02 | B29: 23 nombres de variable aparecen más de una vez en la fuente; 5 contienen variantes de definición. | C29: duplicate_definition_flag | D29: Preservar ocurrencias; resolver conflicto antes de certificar.
A30: BOUNDARY-VSM | B30: Los mappings VSM/AHE son preparación de Capa 1. | C30: candidate_signal_only | D30: No emitir diagnóstico VSM, recursión ni arquetipo desde este chip.
A31: BOUNDARY-EVE | B31: El catálogo conserva genealogía y evidencia; no emite diagnóstico final. | C31: no_final_diagnosis | D31: Conformance/consistencia/readiness preceden interpretación.
A34: Autoridad documental aplicada
A35: ID | B35: Documento | C35: Uso en Fase 3
A36: D8 | B36: Catálogo Madre XLSX | C36: Fuente canónica de genealogía, nodos, códigos, variables y rutas.
A37: D7 | B37: Arquitectura Runtime 40/20 | C37: Frontera: reducción visible ocurre en runtime, sin destruir genealogía.
A38: D5 | B38: Catálogo Runtime DOCX | C38: Gobierno normativo y fronteras.
A39: D6 | B39: Catálogo Runtime XLSX | C39: Compatibilidad ejecutable 40+20 y política epistemológica.
A40: VSM1 | B40: Organizational Systems | C40: Guardia metodológica VSM: identidad, variedad, recursión, discreción e información.

Sheet source_node_registry
A1: registry_version | B1: source_catalog_version | C1: source_node_ref_id | D1: master_node_id | E1: source_block | F1: block_sequence | G1: source_question_code_intact | H1: source_document | I1: source_document_version | J1: source_document_role | K1: source_document_status | L1: source_table_index | M1: node_status | N1: node_type | O1: runtime_role | P1: causal_function | Q1: original_catalog_question_text | R1: catalog_condition | S1: visible_question_text | T1: visibility_rule | U1: required_rule | V1: canonical_variable_output | W1: canonical_route_id | X1: route_status | Y1: is_critical_route_member | Z1: critical_route_ids | AA1: epistemic_status_raw | AB1: epistemic_status_normalized | AC1: provenance_type_raw | AD1: provenance_type_normalized | AE1: confirmation_policy | AF1: must_not_infer | AG1: audit_requirement | AH1: mmabp_quadrant_primary | AI1: mmabp_quadrant_secondary | AJ1: structural_fact_candidate | AK1: structural_fact_type | AL1: conformance_checkpoint | AM1: consistency_checkpoint | AN1: vsm_signal_allowed | AO1: vsm_system_candidates_raw | AP1: vsm_system_candidates_normalized | AQ1: ahe_signal_allowed | AR1: vsm_ahe_use_limit | AS1: diagnostic_criticality | AT1: downstream_object | AU1: governance_issue_type_if_missing | AV1: carry_forward_rule | AW1: risk_if_missing | AX1: source_row_fingerprint_sha256
A2: 0.1.0 | B2: 1.0 | C2: B0_0_0 | D2: C1B0-001 | E2: 0 | F2: 1 | G2: 0.0 | H2: Bloque_0_Documento_Madre_Capa1_v2_1_EVE_rev4_redisenado_robusto.docx | I2: Versión del documento: 0.4 de trabajo | Rediseño controlado B0-UX-SEM-001 | Entrada robusta desde WorkMapIntake con actividad completa, parcial, no estructurada o mínima | Mantiene compatibilidad interna con scene_anchor_bundle. | J2: Fuente canónica de nodos | K2: Fuente final aprobada | L2: 11 | M2: active | N2: internal_derivation | O2: interna_derivable | P2: anclaje_semantico | Q2: Cargar actividad declarada y estado de calidad semántica desde WorkMapIntake. | R2: Siempre que exista actividad proveniente de WorkMapIntake, aunque la estructura sea parcial o fallida | S2: Carga interna de activity_literal_from_workmap y estado de calidad semántica desde WorkMapIntake. | T2: No visible | U2: Obligatoria si existe actividad previa. Si la actividad llegó sin estructura usable, activar modo de reconstrucción guiada en 0.1/0.1a/0.2. | V2: semantic_preload_used + activity_semantic_* + semantic_review_attempt_count + block0_entry_mode | W2: CR-B0-WorkMapIntake-semantic-entry | X2: ruta_crítica | Y2: TRUE | Z2: CR-B0-WorkMapIntake-semantic-entry | AA2: source_reference / ai_inferred_unconfirmed / weak_context | AB2: source_reference | ai_inferred_unconfirmed | weak_context | AC2: source_reference / ai_inferred_unconfirmed / weak_context | AD2: source_reference | ai_inferred_unconfirmed | weak_context | AE2: Confirmar si baja confianza | AF2: No inferir como captured_user_evidence; exigir confirmación si afecta ruta canónica. | AG2: Audit log requerido si se deriva, corrige, bloquea o modifica ruta crítica. | AH2: Governance/Readiness | AI2: PM; PF | AJ2: No directo | AK2: scene_anchor | AL2: Actividad confirmada o reconstruida por usuario; no inferencia no confirmada. | AM2: B0↔B0.5; B0↔B1; B0↔B2 | AN2: Débil | AO2: S1; canal algedónico si no puede delimitarse | AP2: S1 | algedonic_channel | AQ2: No | AR2: flag de calidad narrativa; no diagnóstico | AS2: bloqueante/ruta_crítica | AT2: SceneCanonicalRecord; EvidenceBundle; MDSB | AU2: CanonicalRouteException | AV2: blocked_or_reentry_required | AW2: El usuario deberá capturar más manualmente; no invalida el bloque ni autoriza inferencias de IA no trazadas. | AX2: bfe5d644d059aad5936bb736dd874ab64941f757dc4e402346ae53b44ff5ffaa
A3: 0.1.0 | B3: 1.0 | C3: B0_0_1 | D3: C1B0-002 | E3: 0 | F3: 2 | G3: 0.1 | H3: Bloque_0_Documento_Madre_Capa1_v2_1_EVE_rev4_redisenado_robusto.docx | I3: Versión del documento: 0.4 de trabajo | Rediseño controlado B0-UX-SEM-001 | Entrada robusta desde WorkMapIntake con actividad completa, parcial, no estructurada o mínima | Mantiene compatibilidad interna con scene_anchor_bundle. | J3: Fuente canónica de nodos | K3: Fuente final aprobada | L3: 12 | M3: active | N3: confirmation_card | O3: confirmacion_asistida | P3: anclaje_semantico | Q3: Esto es lo que entendimos de esta actividad. ¿Está correcto? | R3: Siempre; si no hay preload, funciona como captura inicial guiada | S3: Esto es lo que entendimos de esta actividad. ¿Está correcto? | T3: Siempre | U3: Obligatoria | V3: activity_name_user_confirmed + semantic_confirmation_status + block0_entry_mode | W3: CR-B0-WorkMapIntake-semantic-entry | X3: ruta_crítica | Y3: TRUE | Z3: CR-B0-WorkMapIntake-semantic-entry | AA3: user_confirmed_evidence / user_corrected_evidence / reconstructed_user_evidence | AB3: user_confirmed_evidence | user_corrected_evidence | reconstructed_user_evidence | AC3: user_confirmed_evidence / user_corrected_evidence / reconstructed_user_evidence | AD3: user_confirmed_evidence | user_corrected_evidence | reconstructed_user_evidence | AE3: Confirmar siempre | AF3: No inferir como captured_user_evidence; exigir confirmación si afecta ruta canónica. | AG3: Audit log requerido si se deriva, corrige, bloquea o modifica ruta crítica. | AH3: Governance/Readiness | AI3: PM; PF | AJ3: No directo | AK3: scene_anchor | AL3: Actividad confirmada o reconstruida por usuario; no inferencia no confirmada. | AM3: B0↔B0.5; B0↔B1; B0↔B2 | AN3: Débil | AO3: S1; canal algedónico si no puede delimitarse | AP3: S1 | algedonic_channel | AQ3: No | AR3: flag de calidad narrativa; no diagnóstico | AS3: bloqueante/ruta_crítica | AT3: SceneCanonicalRecord; EvidenceBundle; MDSB | AU3: CanonicalRouteException | AV3: blocked_or_reentry_required | AW3: La plataforma trataría una sugerencia o una estructura fallida como evidencia sin autorización del usuario. | AX3: d5bf7b09ca79f5bffd444654d525892672f3f1d73e626b197ff6390dbf3ae737
A4: 0.1.0 | B4: 1.0 | C4: B0_0_1a | D4: C1B0-003 | E4: 0 | F4: 3 | G4: 0.1a | H4: Bloque_0_Documento_Madre_Capa1_v2_1_EVE_rev4_redisenado_robusto.docx | I4: Versión del documento: 0.4 de trabajo | Rediseño controlado B0-UX-SEM-001 | Entrada robusta desde WorkMapIntake con actividad completa, parcial, no estructurada o mínima | Mantiene compatibilidad interna con scene_anchor_bundle. | J4: Fuente canónica de nodos | K4: Fuente final aprobada | L4: 13 | M4: active | N4: conditional_question | O4: condicional | P4: anclaje_semantico | Q4: Corrige la frase para que diga claramente qué haces, sobre qué trabajas y qué queda listo. | R4: Si 0.1 = corregir / baja confianza | S4: Corrige la frase para que diga claramente qué haces, sobre qué trabajas y qué queda listo. | T4: Solo si el usuario corrige, si la confianza semántica es baja o si block0_entry_mode exige reconstrucción | U4: Obligatoria si 0.1 no se confirma, si la estructura llegó parcial o si la asistencia previa falló después de dos intentos | V4: activity_name_user_confirmed + activity_semantic_structure_corrected + reconstructed_activity_minimum | W4: CR-B0-WorkMapIntake-semantic-entry | X4: ruta_crítica | Y4: TRUE | Z4: CR-B0-WorkMapIntake-semantic-entry | AA4: user_corrected_evidence | AB4: user_corrected_evidence | AC4: user_corrected_evidence | AD4: user_corrected_evidence | AE4: No aplica / captura directa | AF4: No inferir como captured_user_evidence; exigir confirmación si afecta ruta canónica. | AG4: Audit log requerido si se deriva, corrige, bloquea o modifica ruta crítica. | AH4: Governance/Readiness | AI4: PM; PF | AJ4: No directo | AK4: scene_anchor | AL4: Actividad confirmada o reconstruida por usuario; no inferencia no confirmada. | AM4: B0↔B0.5; B0↔B1; B0↔B2 | AN4: Débil | AO4: S1; canal algedónico si no puede delimitarse | AP4: S1 | algedonic_channel | AQ4: No | AR4: flag de calidad narrativa; no diagnóstico | AS4: bloqueante/ruta_crítica | AT4: SceneCanonicalRecord; EvidenceBundle; MDSB | AU4: CanonicalRouteException | AV4: blocked_or_reentry_required | AW4: El bloque conservaría una actividad mal entendida y arrastraría el error a 0.5–7. | AX4: 4bf047bc22c042138c40b3ea83d42f4b7d35d8d3db96719a2ceaa851f3f2cfb6
A5: 0.1.0 | B5: 1.0 | C5: B0_0_2 | D5: C1B0-004 | E5: 0 | F5: 4 | G5: 0.2 | H5: Bloque_0_Documento_Madre_Capa1_v2_1_EVE_rev4_redisenado_robusto.docx | I5: Versión del documento: 0.4 de trabajo | Rediseño controlado B0-UX-SEM-001 | Entrada robusta desde WorkMapIntake con actividad completa, parcial, no estructurada o mínima | Mantiene compatibilidad interna con scene_anchor_bundle. | J5: Fuente canónica de nodos | K5: Fuente final aprobada | L5: 14 | M5: active | N5: base_question | O5: base | P5: anclaje_semantico | Q5: En tus palabras, ¿qué ocurre cuando haces esta actividad? | R5: Siempre; puede venir sugerida por IA | S5: En tus palabras, ¿qué ocurre cuando haces esta actividad? | T5: Siempre | U5: Obligatoria salvo que 0.1 incluya una descripción suficiente y el usuario la confirme explícitamente | V5: activity_summary_literal / scene_summary_literal | X5: normal | Y5: FALSE | AA5: captured_user_evidence or user_confirmed_suggestion | AB5: user_confirmed_suggestion | captured_user_evidence | AC5: captured_user_evidence or user_confirmed_suggestion | AD5: user_confirmed_suggestion | captured_user_evidence | AE5: No aplica / captura directa | AF5: No inferir como captured_user_evidence; exigir confirmación si afecta ruta canónica. | AG5: Audit log requerido si se deriva, corrige, bloquea o modifica ruta crítica. | AH5: Governance/Readiness | AI5: PM; PF | AJ5: No directo | AK5: scene_anchor | AL5: Actividad confirmada o reconstruida por usuario; no inferencia no confirmada. | AM5: B0↔B0.5; B0↔B1; B0↔B2 | AN5: Débil | AO5: S1; canal algedónico si no puede delimitarse | AP5: S1 | algedonic_channel | AQ5: No | AR5: flag de calidad narrativa; no diagnóstico | AS5: alta | AT5: SceneCanonicalRecord; EvidenceBundle; MDSB | AU5: GapObject / EvidenceInsufficiency | AV5: explicitly_carried_forward if unresolved | AW5: La actividad queda nombrada pero no reconocible. | AX5: 37dc8a474bc09c1b99f4aea59a66da464f0b197bde855f63936b3fdabb4ca77d
A6: 0.1.0 | B6: 1.0 | C6: B0_0_3 | D6: C1B0-005 | E6: 0 | F6: 5 | G6: 0.3 | H6: Bloque_0_Documento_Madre_Capa1_v2_1_EVE_rev4_redisenado_robusto.docx | I6: Versión del documento: 0.4 de trabajo | Rediseño controlado B0-UX-SEM-001 | Entrada robusta desde WorkMapIntake con actividad completa, parcial, no estructurada o mínima | Mantiene compatibilidad interna con scene_anchor_bundle. | J6: Fuente canónica de nodos | K6: Fuente final aprobada | L6: 15 | M6: active | N6: base_question | O6: base | P6: anclaje_semantico | Q6: ¿Con qué frecuencia haces esta actividad? | R6: Siempre | S6: ¿Con qué frecuencia haces esta actividad? | T6: Siempre | U6: Obligatoria | V6: activity_frequency_base / scene_frequency_base | X6: normal | Y6: FALSE | AA6: captured_user_evidence | AB6: captured_user_evidence | AC6: captured_user_evidence | AD6: captured_user_evidence | AE6: No aplica / captura directa | AF6: No inferir como captured_user_evidence; exigir confirmación si afecta ruta canónica. | AG6: Audit log requerido si se deriva, corrige, bloquea o modifica ruta crítica. | AH6: Governance/Readiness | AI6: PM; PF | AJ6: No directo | AK6: scene_anchor | AL6: Actividad confirmada o reconstruida por usuario; no inferencia no confirmada. | AM6: B0↔B0.5; B0↔B1; B0↔B2 | AN6: Débil | AO6: S1; canal algedónico si no puede delimitarse | AP6: S1 | algedonic_channel | AQ6: No | AR6: flag de calidad narrativa; no diagnóstico | AS6: alta | AT6: SceneCanonicalRecord; EvidenceBundle; MDSB | AU6: GapObject / EvidenceInsufficiency | AV6: explicitly_carried_forward if unresolved | AW6: Se reduce comparabilidad y capacidad de dimensionar recurrencia. | AX6: 55ba28dd4c594607abf1dcaa638f7464523208733c35f5d6284200c4b1c540e9
A7: 0.1.0 | B7: 1.0 | C7: B0_0_3a | D7: C1B0-006 | E7: 0 | F7: 6 | G7: 0.3a | H7: Bloque_0_Documento_Madre_Capa1_v2_1_EVE_rev4_redisenado_robusto.docx | I7: Versión del documento: 0.4 de trabajo | Rediseño controlado B0-UX-SEM-001 | Entrada robusta desde WorkMapIntake con actividad completa, parcial, no estructurada o mínima | Mantiene compatibilidad interna con scene_anchor_bundle. | J7: Fuente canónica de nodos | K7: Fuente final aprobada | L7: 16 | M7: active | N7: conditional_question | O7: condicional | P7: anclaje_semantico | Q7: Si cambia la frecuencia, ¿qué la hace más probable? | R7: Si 0.3 indica irregularidad, cierre, contingencia o estacionalidad | S7: Si cambia la frecuencia, ¿qué la hace más probable? | T7: Solo si aplica | U7: Obligatoria si 0.3 indica variable | V7: activity_frequency_pattern_hint | X7: normal | Y7: FALSE | AA7: captured_user_evidence | AB7: captured_user_evidence | AC7: captured_user_evidence | AD7: captured_user_evidence | AE7: No aplica / captura directa | AF7: No inferir como captured_user_evidence; exigir confirmación si afecta ruta canónica. | AG7: Audit log requerido si se deriva, corrige, bloquea o modifica ruta crítica. | AH7: Governance/Readiness | AI7: PM; PF | AJ7: No directo | AK7: scene_anchor | AL7: Actividad confirmada o reconstruida por usuario; no inferencia no confirmada. | AM7: B0↔B0.5; B0↔B1; B0↔B2 | AN7: Débil | AO7: S1; canal algedónico si no puede delimitarse | AP7: S1 | algedonic_channel | AQ7: No | AR7: flag de calidad narrativa; no diagnóstico | AS7: media | AT7: SceneCanonicalRecord; EvidenceBundle; MDSB | AU7: ReviewNote / non_blocking_flag | AV7: explicitly_carried_forward if unresolved | AW7: La irregularidad queda poco útil para recorrido posterior. | AX7: 91b30904d002034b1b65e4b4ca37217e1e76f7f432b1b720c41941569c10f480
A8: 0.1.0 | B8: 1.0 | C8: B0_0_4 | D8: C1B0-007 | E8: 0 | F8: 7 | G8: 0.4 | H8: Bloque_0_Documento_Madre_Capa1_v2_1_EVE_rev4_redisenado_robusto.docx | I8: Versión del documento: 0.4 de trabajo | Rediseño controlado B0-UX-SEM-001 | Entrada robusta desde WorkMapIntake con actividad completa, parcial, no estructurada o mínima | Mantiene compatibilidad interna con scene_anchor_bundle. | J8: Fuente canónica de nodos | K8: Fuente final aprobada | L8: 17 | M8: active | N8: base_question | O8: base | P8: anclaje_semantico | Q8: ¿En qué situación suele aparecer esta actividad? | R8: Siempre | S8: ¿En qué situación suele aparecer esta actividad? | T8: Siempre | U8: Obligatoria | V8: activity_typical_context / scene_typical_context | X8: normal | Y8: FALSE | AA8: captured_user_evidence | AB8: captured_user_evidence | AC8: captured_user_evidence | AD8: captured_user_evidence | AE8: No aplica / captura directa | AF8: No inferir como captured_user_evidence; exigir confirmación si afecta ruta canónica. | AG8: Audit log requerido si se deriva, corrige, bloquea o modifica ruta crítica. | AH8: Governance/Readiness | AI8: PM; PF | AJ8: No directo | AK8: scene_anchor | AL8: Actividad confirmada o reconstruida por usuario; no inferencia no confirmada. | AM8: B0↔B0.5; B0↔B1; B0↔B2 | AN8: Débil | AO8: S1; canal algedónico si no puede delimitarse | AP8: S1 | algedonic_channel | AQ8: No | AR8: flag de calidad narrativa; no diagnóstico | AS8: alta | AT8: SceneCanonicalRecord; EvidenceBundle; MDSB | AU8: GapObject / EvidenceInsufficiency | AV8: explicitly_carried_forward if unresolved | AW8: La actividad queda fuera de situación. | AX8: 8a8cd1da87faccf070eef8dd9a38d7c67fd8b5f25d73bd2fdcf170bd06f8562d
A9: 0.1.0 | B9: 1.0 | C9: B0_0_5_actor_scope | D9: C1B0-008 | E9: 0 | F9: 8 | G9: 0.5_actor_scope | H9: Bloque_0_Documento_Madre_Capa1_v2_1_EVE_rev4_redisenado_robusto.docx | I9: Versión del documento: 0.4 de trabajo | Rediseño controlado B0-UX-SEM-001 | Entrada robusta desde WorkMapIntake con actividad completa, parcial, no estructurada o mínima | Mantiene compatibilidad interna con scene_anchor_bundle. | J9: Fuente canónica de nodos | K9: Fuente final aprobada | L9: 18 | M9: active | N9: base_question | O9: base | P9: anclaje_semantico | Q9: ¿Quién la hace normalmente o sobre quién recae directamente? | R9: Siempre; puede prellenarse desde responsabilidad declarada | S9: ¿Quién la hace normalmente o sobre quién recae directamente? | T9: Siempre | U9: Obligatoria | V9: activity_primary_actor_scope / scene_primary_actor_scope | X9: normal | Y9: FALSE | AA9: captured_user_evidence or declared_confirmed_context | AB9: declared_confirmed_context | captured_user_evidence | AC9: captured_user_evidence or declared_confirmed_context | AD9: declared_confirmed_context | captured_user_evidence | AE9: No aplica / captura directa | AF9: No inferir como captured_user_evidence; exigir confirmación si afecta ruta canónica. | AG9: Audit log requerido si se deriva, corrige, bloquea o modifica ruta crítica. | AH9: Governance/Readiness | AI9: PM; PF | AJ9: No directo | AK9: scene_anchor | AL9: Actividad confirmada o reconstruida por usuario; no inferencia no confirmada. | AM9: B0↔B0.5; B0↔B1; B0↔B2 | AN9: Débil | AO9: S1; canal algedónico si no puede delimitarse | AP9: S1 | algedonic_channel | AQ9: No | AR9: flag de calidad narrativa; no diagnóstico | AS9: media | AT9: SceneCanonicalRecord; EvidenceBundle; MDSB | AU9: ReviewNote / non_blocking_flag | AV9: explicitly_carried_forward if unresolved | AW9: La actividad pierde punto de observación inmediato. | AX9: 09f2253cf28c390e354d1e17cc3ffdb040c09aa225243f80b0f58e0ce52dab20
A10: 0.1.0 | B10: 1.0 | C10: B0_0_6 | D10: C1B0-009 | E10: 0 | F10: 9 | G10: 0.6 | H10: Bloque_0_Documento_Madre_Capa1_v2_1_EVE_rev4_redisenado_robusto.docx | I10: Versión del documento: 0.4 de trabajo | Rediseño controlado B0-UX-SEM-001 | Entrada robusta desde WorkMapIntake con actividad completa, parcial, no estructurada o mínima | Mantiene compatibilidad interna con scene_anchor_bundle. | J10: Fuente canónica de nodos | K10: Fuente final aprobada | L10: 19 | M10: active | N10: confirmation_card | O10: confirmacion_asistida | P10: anclaje_semantico | Q10: ¿Qué recibes, ves o necesitas para empezar esta actividad? | R10: Siempre; puede sugerirse desde Insumo / Objeto | S10: ¿Qué recibes, ves o necesitas para empezar esta actividad? | T10: Siempre | U10: Obligatoria | V10: activity_start_condition_hint / scene_boundary_start_hint | X10: normal | Y10: FALSE | AA10: captured_user_evidence or user_confirmed_suggestion | AB10: user_confirmed_suggestion | captured_user_evidence | AC10: captured_user_evidence or user_confirmed_suggestion | AD10: user_confirmed_suggestion | captured_user_evidence | AE10: Confirmar siempre | AF10: No inferir como captured_user_evidence; exigir confirmación si afecta ruta canónica. | AG10: Audit log requerido si se deriva, corrige, bloquea o modifica ruta crítica. | AH10: Governance/Readiness | AI10: PM; PF | AJ10: No directo | AK10: scene_anchor | AL10: Actividad confirmada o reconstruida por usuario; no inferencia no confirmada. | AM10: B0↔B0.5; B0↔B1; B0↔B2 | AN10: Débil | AO10: S1; canal algedónico si no puede delimitarse | AP10: S1 | algedonic_channel | AQ10: No | AR10: flag de calidad narrativa; no diagnóstico | AS10: alta | AT10: SceneCanonicalRecord; EvidenceBundle; MDSB | AU10: GapObject / EvidenceInsufficiency | AV10: explicitly_carried_forward if unresolved | AW10: No hay entrada reconocible para recorrer la actividad. | AX10: 12e08bba5a80091573872d67ce6974cac3893b8b4ef953009f5296dd0c0d3446
A11: 0.1.0 | B11: 1.0 | C11: B0_0_7 | D11: C1B0-010 | E11: 0 | F11: 10 | G11: 0.7 | H11: Bloque_0_Documento_Madre_Capa1_v2_1_EVE_rev4_redisenado_robusto.docx | I11: Versión del documento: 0.4 de trabajo | Rediseño controlado B0-UX-SEM-001 | Entrada robusta desde WorkMapIntake con actividad completa, parcial, no estructurada o mínima | Mantiene compatibilidad interna con scene_anchor_bundle. | J11: Fuente canónica de nodos | K11: Fuente final aprobada | L11: 20 | M11: active | N11: confirmation_card | O11: confirmacion_asistida | P11: anclaje_semantico | Q11: ¿Qué queda listo para darla por terminada? | R11: Siempre; puede sugerirse desde Producto / Salida | S11: ¿Qué queda listo para darla por terminada? | T11: Siempre | U11: Obligatoria | V11: activity_end_result_hint / scene_boundary_end_hint | X11: normal | Y11: FALSE | AA11: captured_user_evidence or user_confirmed_suggestion | AB11: user_confirmed_suggestion | captured_user_evidence | AC11: captured_user_evidence or user_confirmed_suggestion | AD11: user_confirmed_suggestion | captured_user_evidence | AE11: Confirmar siempre | AF11: No inferir como captured_user_evidence; exigir confirmación si afecta ruta canónica. | AG11: Audit log requerido si se deriva, corrige, bloquea o modifica ruta crítica. | AH11: Governance/Readiness | AI11: PM; PF | AJ11: No directo | AK11: scene_anchor | AL11: Actividad confirmada o reconstruida por usuario; no inferencia no confirmada. | AM11: B0↔B0.5; B0↔B1; B0↔B2 | AN11: Débil | AO11: S1; canal algedónico si no puede delimitarse | AP11: S1 | algedonic_channel | AQ11: No | AR11: flag de calidad narrativa; no diagnóstico | AS11: media | AT11: SceneCanonicalRecord; EvidenceBundle; MDSB | AU11: ReviewNote / non_blocking_flag | AV11: explicitly_carried_forward if unresolved | AW11: No hay salida mínima para distinguir esta actividad de la siguiente. | AX11: a2d1fc2c7fb07fee53e814f37d489473d6e27bfebd3880385c3ae00da6da662a
A12: 0.1.0 | B12: 1.0 | C12: B0_0_8 | D12: C1B0-011 | E12: 0 | F12: 11 | G12: 0.8 | H12: Bloque_0_Documento_Madre_Capa1_v2_1_EVE_rev4_redisenado_robusto.docx | I12: Versión del documento: 0.4 de trabajo | Rediseño controlado B0-UX-SEM-001 | Entrada robusta desde WorkMapIntake con actividad completa, parcial, no estructurada o mínima | Mantiene compatibilidad interna con scene_anchor_bundle. | J12: Fuente canónica de nodos | K12: Fuente final aprobada | L12: 21 | M12: active | N12: base_question | O12: base | P12: anclaje_semantico | Q12: ¿La haces casi siempre igual o cambia según el caso? | R12: Siempre | S12: ¿La haces casi siempre igual o cambia según el caso? | T12: Siempre | U12: Obligatoria | V12: activity_variation_mode / scene_variation_mode | X12: normal | Y12: FALSE | AA12: captured_user_evidence | AB12: captured_user_evidence | AC12: captured_user_evidence | AD12: captured_user_evidence | AE12: No aplica / captura directa | AF12: No inferir como captured_user_evidence; exigir confirmación si afecta ruta canónica. | AG12: Audit log requerido si se deriva, corrige, bloquea o modifica ruta crítica. | AH12: Governance/Readiness | AI12: PM; PF | AJ12: No directo | AK12: scene_anchor | AL12: Actividad confirmada o reconstruida por usuario; no inferencia no confirmada. | AM12: B0↔B0.5; B0↔B1; B0↔B2 | AN12: Débil | AO12: S1; canal algedónico si no puede delimitarse | AP12: S1 | algedonic_channel | AQ12: No | AR12: flag de calidad narrativa; no diagnóstico | AS12: media | AT12: SceneCanonicalRecord; EvidenceBundle; MDSB | AU12: ReviewNote / non_blocking_flag | AV12: explicitly_carried_forward if unresolved | AW12: Se aplana variedad operativa que puede ser crítica más adelante. | AX12: 2816d6e12046cf045a2c038825c418e082bbf9dc8c5c61e3e7b1b7d435db1248
A13: 0.1.0 | B13: 1.0 | C13: B0_0_8a | D13: C1B0-012 | E13: 0 | F13: 12 | G13: 0.8a | H13: Bloque_0_Documento_Madre_Capa1_v2_1_EVE_rev4_redisenado_robusto.docx | I13: Versión del documento: 0.4 de trabajo | Rediseño controlado B0-UX-SEM-001 | Entrada robusta desde WorkMapIntake con actividad completa, parcial, no estructurada o mínima | Mantiene compatibilidad interna con scene_anchor_bundle. | J13: Fuente canónica de nodos | K13: Fuente final aprobada | L13: 22 | M13: active | N13: conditional_question | O13: condicional | P13: anclaje_semantico | Q13: ¿Cuál es el cambio o caso especial más común? | R13: Si 0.8 indica variación relevante o alta | S13: ¿Cuál es el cambio o caso especial más común? | T13: Solo si aplica | U13: Obligatoria si 0.8 indica variación relevante o alta | V13: activity_exception_signature / scene_exception_signature | X13: normal | Y13: FALSE | AA13: captured_user_evidence | AB13: captured_user_evidence | AC13: captured_user_evidence | AD13: captured_user_evidence | AE13: No aplica / captura directa | AF13: No inferir como captured_user_evidence; exigir confirmación si afecta ruta canónica. | AG13: Audit log requerido si se deriva, corrige, bloquea o modifica ruta crítica. | AH13: Governance/Readiness | AI13: PM; PF | AJ13: No directo | AK13: scene_anchor | AL13: Actividad confirmada o reconstruida por usuario; no inferencia no confirmada. | AM13: B0↔B0.5; B0↔B1; B0↔B2 | AN13: Débil | AO13: S1; canal algedónico si no puede delimitarse | AP13: S1 | algedonic_channel | AQ13: No | AR13: flag de calidad narrativa; no diagnóstico | AS13: media | AT13: SceneCanonicalRecord; EvidenceBundle; MDSB | AU13: ReviewNote / non_blocking_flag | AV13: explicitly_carried_forward if unresolved | AW13: La variación declarada queda sin forma operativa. | AX13: ccbc4a1d92413e0478bca3238027a457ccbc5741a57c6bcb7e22f72c77fdd779
A14: 0.1.0 | B14: 1.0 | C14: B0_0_A | D14: C1B0-013 | E14: 0 | F14: 13 | G14: 0.A | H14: Bloque_0_Documento_Madre_Capa1_v2_1_EVE_rev4_redisenado_robusto.docx | I14: Versión del documento: 0.4 de trabajo | Rediseño controlado B0-UX-SEM-001 | Entrada robusta desde WorkMapIntake con actividad completa, parcial, no estructurada o mínima | Mantiene compatibilidad interna con scene_anchor_bundle. | J14: Fuente canónica de nodos | K14: Fuente final aprobada | L14: 23 | M14: active | N14: clarification_node | O14: aclaracion | P14: anclaje_semantico | Q14: El nombre suena amplio. ¿Qué distingue esta actividad de otras parecidas? | R14: Si hay genericidad | S14: El nombre suena amplio. ¿Qué distingue esta actividad de otras parecidas? | T14: Solo por flag de genericidad | U14: Obligatoria si hay genericidad | V14: activity_name_disambiguation | X14: normal | Y14: FALSE | AA14: clarification | AB14: clarification | AC14: clarification | AD14: clarification | AE14: No aplica / captura directa | AF14: No inferir como captured_user_evidence; exigir confirmación si afecta ruta canónica. | AG14: Audit log requerido si se deriva, corrige, bloquea o modifica ruta crítica. | AH14: Governance/Readiness | AI14: PM; PF | AJ14: No directo | AK14: scene_anchor | AL14: Actividad confirmada o reconstruida por usuario; no inferencia no confirmada. | AM14: B0↔B0.5; B0↔B1; B0↔B2 | AN14: Débil | AO14: S1; canal algedónico si no puede delimitarse | AP14: S1 | algedonic_channel | AQ14: No | AR14: flag de calidad narrativa; no diagnóstico | AS14: alta | AT14: SceneCanonicalRecord; EvidenceBundle; MDSB | AU14: GapObject / EvidenceInsufficiency | AV14: explicitly_carried_forward if unresolved | AW14: Actividades distintas pueden colapsar bajo una misma etiqueta. | AX14: b1a0fb877a17f24b991f4f70c8cdc5b222057adc5a3e44c17350629fe7fa579d
A15: 0.1.0 | B15: 1.0 | C15: B0_0_B | D15: C1B0-014 | E15: 0 | F15: 14 | G15: 0.B | H15: Bloque_0_Documento_Madre_Capa1_v2_1_EVE_rev4_redisenado_robusto.docx | I15: Versión del documento: 0.4 de trabajo | Rediseño controlado B0-UX-SEM-001 | Entrada robusta desde WorkMapIntake con actividad completa, parcial, no estructurada o mínima | Mantiene compatibilidad interna con scene_anchor_bundle. | J15: Fuente canónica de nodos | K15: Fuente final aprobada | L15: 24 | M15: active | N15: clarification_node | O15: aclaracion | P15: anclaje_semantico | Q15: Parece que el inicio y el cierre se mezclan. Completa: empieza cuando ___ y termina cuando ___. | R15: Si 0.6 y 0.7 no delimitan | S15: Parece que el inicio y el cierre se mezclan. Completa: empieza cuando ___ y termina cuando ___. | T15: Solo por flag de frontera | U15: Obligatoria si hay frontera difusa | V15: activity_boundary_clarification | X15: normal | Y15: FALSE | AA15: clarification | AB15: clarification | AC15: clarification | AD15: clarification | AE15: No aplica / captura directa | AF15: No inferir como captured_user_evidence; exigir confirmación si afecta ruta canónica. | AG15: Audit log requerido si se deriva, corrige, bloquea o modifica ruta crítica. | AH15: Governance/Readiness | AI15: PM; PF | AJ15: No directo | AK15: scene_anchor | AL15: Actividad confirmada o reconstruida por usuario; no inferencia no confirmada. | AM15: B0↔B0.5; B0↔B1; B0↔B2 | AN15: Débil | AO15: S1; canal algedónico si no puede delimitarse | AP15: S1 | algedonic_channel | AQ15: No | AR15: flag de calidad narrativa; no diagnóstico | AS15: alta | AT15: SceneCanonicalRecord; EvidenceBundle; MDSB | AU15: GapObject / EvidenceInsufficiency | AV15: explicitly_carried_forward if unresolved | AW15: La actividad no puede recorrerse causalmente. | AX15: 2cae02b6af9f8864b6b8a245aaea61977796b82c1d6dba9ef9476630e49be434
A16: 0.1.0 | B16: 1.0 | C16: B0_0_C | D16: C1B0-015 | E16: 0 | F16: 15 | G16: 0.C | H16: Bloque_0_Documento_Madre_Capa1_v2_1_EVE_rev4_redisenado_robusto.docx | I16: Versión del documento: 0.4 de trabajo | Rediseño controlado B0-UX-SEM-001 | Entrada robusta desde WorkMapIntake con actividad completa, parcial, no estructurada o mínima | Mantiene compatibilidad interna con scene_anchor_bundle. | J16: Fuente canónica de nodos | K16: Fuente final aprobada | L16: 25 | M16: active | N16: clarification_node | O16: aclaracion | P16: anclaje_semantico | Q16: Esta descripción parece muy grande o muy pequeña. ¿Qué parte concreta conviene revisar de inicio a fin? | R16: Si la escala no es recorrible | S16: Esta descripción parece muy grande o muy pequeña. ¿Qué parte concreta conviene revisar de inicio a fin? | T16: Solo por flag de escala | U16: Obligatoria si la escala no es recorrible | V16: activity_scale_adjustment | X16: normal | Y16: FALSE | AA16: clarification | AB16: clarification | AC16: clarification | AD16: clarification | AE16: No aplica / captura directa | AF16: No inferir como captured_user_evidence; exigir confirmación si afecta ruta canónica. | AG16: Audit log requerido si se deriva, corrige, bloquea o modifica ruta crítica. | AH16: Governance/Readiness | AI16: PM; PF | AJ16: No directo | AK16: scene_anchor | AL16: Actividad confirmada o reconstruida por usuario; no inferencia no confirmada. | AM16: B0↔B0.5; B0↔B1; B0↔B2 | AN16: Débil | AO16: S1; canal algedónico si no puede delimitarse | AP16: S1 | algedonic_channel | AQ16: No | AR16: flag de calidad narrativa; no diagnóstico | AS16: alta | AT16: SceneCanonicalRecord; EvidenceBundle; MDSB | AU16: GapObject / EvidenceInsufficiency | AV16: explicitly_carried_forward if unresolved | AW16: La actividad no será comparable ni transducible. | AX16: 43b44896a0e059416fcc77f1d18747378f32d271d29ec545b75b3a06300c199f
A17: 0.1.0 | B17: 1.0 | C17: B0_0_D | D17: C1B0-016 | E17: 0 | F17: 16 | G17: 0.D | H17: Bloque_0_Documento_Madre_Capa1_v2_1_EVE_rev4_redisenado_robusto.docx | I17: Versión del documento: 0.4 de trabajo | Rediseño controlado B0-UX-SEM-001 | Entrada robusta desde WorkMapIntake con actividad completa, parcial, no estructurada o mínima | Mantiene compatibilidad interna con scene_anchor_bundle. | J17: Fuente canónica de nodos | K17: Fuente final aprobada | L17: 26 | M17: active | N17: clarification_node | O17: aclaracion | P17: anclaje_semantico | Q17: La estructura parece incompleta. ¿Qué falta: sobre qué trabajas, con qué criterio o qué queda listo? | R17: Si faltan componentes semánticos críticos | S17: La estructura parece incompleta. ¿Qué falta: sobre qué trabajas, con qué criterio o qué queda listo? | T17: Solo por semantic_component_gap_flag o partial_structure_entry_mode | U17: Obligatoria si falta componente semántico crítico y todavía puede completarse sin forzar una inferencia | V17: activity_semantic_completion / semantic_gap_unresolved | W17: CR-B0-WorkMapIntake-semantic-entry | X17: ruta_crítica | Y17: TRUE | Z17: CR-B0-WorkMapIntake-semantic-entry | AA17: clarification / user_corrected_evidence | AB17: user_corrected_evidence | clarification | AC17: clarification / user_corrected_evidence | AD17: user_corrected_evidence | clarification | AE17: No aplica / captura directa | AF17: No inferir como captured_user_evidence; exigir confirmación si afecta ruta canónica. | AG17: Audit log requerido si se deriva, corrige, bloquea o modifica ruta crítica. | AH17: Governance/Readiness | AI17: PM; PF | AJ17: No directo | AK17: scene_anchor | AL17: Actividad confirmada o reconstruida por usuario; no inferencia no confirmada. | AM17: B0↔B0.5; B0↔B1; B0↔B2 | AN17: Débil | AO17: S1; canal algedónico si no puede delimitarse | AP17: S1 | algedonic_channel | AQ17: No | AR17: flag de calidad narrativa; no diagnóstico | AS17: bloqueante/ruta_crítica | AT17: SceneCanonicalRecord; EvidenceBundle; MDSB | AU17: CanonicalRouteException | AV17: blocked_or_reentry_required | AW17: La IA puede inferir demasiado; el usuario puede avanzar con una frase incompleta siempre que el gap quede visible y Bloque 0 capture mínimos de anclaje. | AX17: 897e05d6cd56fe81e5c5e9df5937e4c9b6ef81c44f987a440e3d72471d9f057d
A18: 0.1.0 | B18: 1.0 | C18: B0_block0_entry_control | D18: C1B0-017 | E18: 0 | F18: 17 | G18: block0_entry_control | H18: Bloque_0_Documento_Madre_Capa1_v2_1_EVE_rev4_redisenado_robusto.docx | I18: Versión del documento: 0.4 de trabajo | Rediseño controlado B0-UX-SEM-001 | Entrada robusta desde WorkMapIntake con actividad completa, parcial, no estructurada o mínima | Mantiene compatibilidad interna con scene_anchor_bundle. | J18: Fuente canónica de nodos | K18: Fuente final aprobada | L18: 34 | M18: active | N18: confirmation_card | O18: confirmacion_asistida | P18: anclaje_semantico | Q18: semantic_review_status, semantic_review_attempt_count, semantic_assistance_failed_flag, block0_entry_mode. | S18: semantic_review_status, semantic_review_attempt_count, semantic_assistance_failed_flag, block0_entry_mode. | X18: sin_variable_directa | Y18: TRUE | Z18: CR-B0-WorkMapIntake-semantic-entry | AB18: no_epistemic_status | AD18: no_epistemic_status | AE18: Confirmar siempre | AF18: No inferir como captured_user_evidence; exigir confirmación si afecta ruta canónica. | AG18: Audit log requerido si se deriva, corrige, bloquea o modifica ruta crítica. | AH18: Governance/Readiness | AI18: PM; PF | AJ18: No directo | AK18: scene_anchor | AL18: Actividad confirmada o reconstruida por usuario; no inferencia no confirmada. | AM18: B0↔B0.5; B0↔B1; B0↔B2 | AN18: Débil | AO18: S1; canal algedónico si no puede delimitarse | AP18: S1 | algedonic_channel | AQ18: No | AR18: flag de calidad narrativa; no diagnóstico | AS18: media | AT18: SceneCanonicalRecord; EvidenceBundle; MDSB | AU18: ReviewNote / non_blocking_flag | AV18: explicitly_carried_forward if unresolved | AX18: b651d7cb23c772c01fc68516f8597507183d5cd50537256d9b738a1b1e7270f2
A19: 0.1.0 | B19: 1.0 | C19: B0_5_0_5_1 | D19: C1B0_5-001 | E19: 0.5 | F19: 1 | G19: 0.5.1 | H19: Bloque_0_5_Documento_Madre_Capa1_v2_1_EVE.docx | I19: Versión del documento: 0.1 de trabajo | Base estructural: Diseno_Formal_Capa1_v2_1_Unificado | Base de redacción operativa: Marco de Trabajo y Catálogo de Preguntas v2.1 - Bloque 0.5 (Encuadre) | J19: Fuente canónica de nodos | K19: Fuente final aprobada | L19: 3 | M19: active | N19: base_question | O19: base | P19: encuadre_sistemico | Q19: Independientemente de a quién le entregues tu trabajo directamente, ¿quién es la persona, área o actor que finalmente se beneficia si esta actividad sale bien? | R19: Siempre | S19: Independientemente de a quién le entregues tu trabajo directamente, ¿quién es la persona, área o actor que finalmente se beneficia si esta actividad sale bien? | T19: Siempre | U19: Obligatoria para toda escena profunda y abreviada que pase por Bloque 0.5 | V19: beneficiario_final_0_5_1 + scene_functional_client (derivable) | X19: normal | Y19: FALSE | AA19: capturado (captured_user_evidence) | AB19: captured_user_evidence | AC19: capturado (captured_user_evidence) | AD19: captured_user_evidence | AE19: No aplica / captura directa | AF19: No inferir como captured_user_evidence; exigir confirmación si afecta ruta canónica. | AG19: Audit log requerido si se deriva, corrige, bloquea o modifica ruta crítica. | AH19: PM | AI19: PF; MoC | AJ19: Condicional | AK19: cliente_funcional_candidate | AL19: Representa ubicación sistémica de la actividad, no receptor inmediato solamente. | AM19: PM↔PF; PM↔MoC | AN19: Sí | AO19: S1; S2; S3; S4; S5 | AP19: S1 | S2 | S3 | S4 | S5 | AQ19: No directo | AR19: preparación; no diagnóstico | AS19: alta | AT19: SCR; EvidenceBundle; MDSB; Inventory PM candidates | AU19: GapObject / EvidenceInsufficiency | AV19: explicitly_carried_forward if unresolved | AW19: La escena queda sin conexión explícita con el valor que produce en el sistema y se vuelve fácil confundirla con una tarea autosuficiente. | AX19: 1bbcf0764bd2357e9458218bafdf2b01838b5915898b56e2ad5bf7f6bca54fcc
A20: 0.1.0 | B20: 1.0 | C20: B0_5_0_5_1a | D20: C1B0_5-002 | E20: 0.5 | F20: 2 | G20: 0.5.1a | H20: Bloque_0_5_Documento_Madre_Capa1_v2_1_EVE.docx | I20: Versión del documento: 0.1 de trabajo | Base estructural: Diseno_Formal_Capa1_v2_1_Unificado | Base de redacción operativa: Marco de Trabajo y Catálogo de Preguntas v2.1 - Bloque 0.5 (Encuadre) | J20: Fuente canónica de nodos | K20: Fuente final aprobada | L20: 4 | M20: active | N20: base_question | O20: base | P20: encuadre_sistemico | Q20: Independientemente de a quién le entregues tu trabajo directamente, ¿quién es la persona, área o actor que finalmente sufre si esta actividad sale mal o no sale? | R20: Siempre | S20: Independientemente de a quién le entregues tu trabajo directamente, ¿quién es la persona, área o actor que finalmente sufre si esta actividad sale mal o no sale? | T20: Siempre | U20: Obligatoria | V20: afectado_final_0_5_1a | X20: normal | Y20: FALSE | AA20: capturado (captured_user_evidence) | AB20: captured_user_evidence | AC20: capturado (captured_user_evidence) | AD20: captured_user_evidence | AE20: No aplica / captura directa | AF20: No inferir como captured_user_evidence; exigir confirmación si afecta ruta canónica. | AG20: Audit log requerido si se deriva, corrige, bloquea o modifica ruta crítica. | AH20: PM | AI20: PF; MoC | AJ20: Condicional | AK20: cliente_funcional_candidate | AL20: Representa ubicación sistémica de la actividad, no receptor inmediato solamente. | AM20: PM↔PF; PM↔MoC | AN20: Sí | AO20: S1; S2; S3; S4; S5 | AP20: S1 | S2 | S3 | S4 | S5 | AQ20: No directo | AR20: preparación; no diagnóstico | AS20: alta | AT20: SCR; EvidenceBundle; MDSB; Inventory PM candidates | AU20: GapObject / EvidenceInsufficiency | AV20: explicitly_carried_forward if unresolved | AW20: Se pierde la posibilidad de distinguir creación de valor de absorción de daño, y eso aplana la escena de una forma metodológicamente peligrosa. | AX20: 031c45e345db6d13558fe5e67fb5f0db10d77c65ca595ccd84a94b8754f339d0
A21: 0.1.0 | B21: 1.0 | C21: B0_5_0_5_1_rel | D21: C1B0_5-003 | E21: 0.5 | F21: 3 | G21: 0.5.1_rel | H21: Bloque_0_5_Documento_Madre_Capa1_v2_1_EVE.docx | I21: Versión del documento: 0.1 de trabajo | Base estructural: Diseno_Formal_Capa1_v2_1_Unificado | Base de redacción operativa: Marco de Trabajo y Catálogo de Preguntas v2.1 - Bloque 0.5 (Encuadre) | J21: Fuente canónica de nodos | K21: Fuente final aprobada | L21: 5 | M21: active | N21: clarification_node | O21: aclaracion | P21: encuadre_sistemico | Q21: ¿El que se beneficia cuando esto sale bien y el que sufre cuando esto sale mal son el mismo actor o son distintos? | R21: Después de 0.5.1 y 0.5.1a | S21: ¿El que se beneficia cuando esto sale bien y el que sufre cuando esto sale mal son el mismo actor o son distintos? | T21: Siempre después de 0.5.1 y 0.5.1a | U21: Obligatoria, una vez capturados 0.5.1 y 0.5.1a | V21: relacion_beneficiario_afectado_0_5_1_rel | X21: normal | Y21: FALSE | AA21: capturado (captured_user_evidence) | AB21: captured_user_evidence | AC21: capturado (captured_user_evidence) | AD21: captured_user_evidence | AE21: No aplica / captura directa | AF21: No inferir como captured_user_evidence; exigir confirmación si afecta ruta canónica. | AG21: Audit log requerido si se deriva, corrige, bloquea o modifica ruta crítica. | AH21: PM | AI21: PF; MoC | AJ21: Condicional | AK21: cliente_funcional_candidate | AL21: Representa ubicación sistémica de la actividad, no receptor inmediato solamente. | AM21: PM↔PF; PM↔MoC | AN21: Sí | AO21: S1; S2; S3; S4; S5 | AP21: S1 | S2 | S3 | S4 | S5 | AQ21: No directo | AR21: preparación; no diagnóstico | AS21: alta | AT21: SCR; EvidenceBundle; MDSB; Inventory PM candidates | AU21: GapObject / EvidenceInsufficiency | AV21: explicitly_carried_forward if unresolved | AW21: Queda sin explicitar una diferencia estructural relevante entre quién recibe el valor y quién absorbe el daño. | AX21: 4bb8d5f3cf8bd0e2fe7678a9fb57c3ecc85589069741a0ef1afb70cb4b26867c
A22: 0.1.0 | B22: 1.0 | C22: B0_5_0_5_1b | D22: C1B0_5-004 | E22: 0.5 | F22: 4 | G22: 0.5.1b | H22: Bloque_0_5_Documento_Madre_Capa1_v2_1_EVE.docx | I22: Versión del documento: 0.1 de trabajo | Base estructural: Diseno_Formal_Capa1_v2_1_Unificado | Base de redacción operativa: Marco de Trabajo y Catálogo de Preguntas v2.1 - Bloque 0.5 (Encuadre) | J22: Fuente canónica de nodos | K22: Fuente final aprobada | L22: 6 | M22: active | N22: conditional_question | O22: condicional | P22: encuadre_sistemico | Q22: Si son distintos, ¿quién recibe primero el beneficio y quién absorbe primero el daño cuando falla? | R22: Si 0.5.1_rel = Son actores distintos | S22: Si son distintos, ¿quién recibe primero el beneficio y quién absorbe primero el daño cuando falla? | T22: Solo si 0.5.1_rel = Son actores distintos | U22: Condicional | V22: beneficio_vs_dano_distribucion_0_5_1b | X22: normal | Y22: FALSE | AA22: capturado / aclarado (clarification) | AB22: clarification | captured_user_evidence | AC22: capturado / aclarado (clarification) | AD22: clarification | captured_user_evidence | AE22: No aplica / captura directa | AF22: No inferir como captured_user_evidence; exigir confirmación si afecta ruta canónica. | AG22: Audit log requerido si se deriva, corrige, bloquea o modifica ruta crítica. | AH22: PM | AI22: PF; MoC | AJ22: Condicional | AK22: cliente_funcional_candidate | AL22: Representa ubicación sistémica de la actividad, no receptor inmediato solamente. | AM22: PM↔PF; PM↔MoC | AN22: Sí | AO22: S1; S2; S3; S4; S5 | AP22: S1 | S2 | S3 | S4 | S5 | AQ22: No directo | AR22: preparación; no diagnóstico | AS22: media | AT22: SCR; EvidenceBundle; MDSB; Inventory PM candidates | AU22: ReviewNote / non_blocking_flag | AV22: explicitly_carried_forward if unresolved | AW22: Cuando valor y daño no coinciden, la escena queda simplificada en exceso y se pierde un desplazamiento sistémico importante. | AX22: 62da84c4bfb23771c3bcbbefd8dbc9fd6fcb77b1a7073a2331656b846ec48609
A23: 0.1.0 | B23: 1.0 | C23: B0_5_0_5_1c | D23: C1B0_5-005 | E23: 0.5 | F23: 5 | G23: 0.5.1c | H23: Bloque_0_5_Documento_Madre_Capa1_v2_1_EVE.docx | I23: Versión del documento: 0.1 de trabajo | Base estructural: Diseno_Formal_Capa1_v2_1_Unificado | Base de redacción operativa: Marco de Trabajo y Catálogo de Preguntas v2.1 - Bloque 0.5 (Encuadre) | J23: Fuente canónica de nodos | K23: Fuente final aprobada | L23: 7 | M23: active | N23: base_question | O23: base | P23: encuadre_sistemico | Q23: ¿Qué tan claro tienes quién se beneficia realmente de que esta actividad salga bien? | R23: Siempre | S23: ¿Qué tan claro tienes quién se beneficia realmente de que esta actividad salga bien? | T23: Siempre | U23: Obligatoria | V23: claridad_beneficiario_0_5_1c | X23: normal | Y23: FALSE | AA23: readiness_marker | AB23: readiness_marker | AC23: captured_user_self_assessment | AD23: captured_user_self_assessment | AE23: No aplica / captura directa | AF23: No inferir como captured_user_evidence; exigir confirmación si afecta ruta canónica. | AG23: Audit log requerido si se deriva, corrige, bloquea o modifica ruta crítica. | AH23: PM | AI23: PF; MoC | AJ23: Condicional | AK23: cliente_funcional_candidate | AL23: Representa ubicación sistémica de la actividad, no receptor inmediato solamente. | AM23: PM↔PF; PM↔MoC | AN23: Sí | AO23: S1; S2; S3; S4; S5 | AP23: S1 | S2 | S3 | S4 | S5 | AQ23: No directo | AR23: preparación; no diagnóstico | AS23: alta | AT23: SCR; EvidenceBundle; MDSB; Inventory PM candidates | AU23: GapObject / EvidenceInsufficiency | AV23: explicitly_carried_forward if unresolved | AW23: El sistema no puede distinguir ausencia de problema de ausencia de claridad. | AX23: 18b3da8c32601f8dbf8e36764f9dffb1707c7bfed89b6a8c0382b63e225c241e
A24: 0.1.0 | B24: 1.0 | C24: B0_5_0_5_1d | D24: C1B0_5-006 | E24: 0.5 | F24: 6 | G24: 0.5.1d | H24: Bloque_0_5_Documento_Madre_Capa1_v2_1_EVE.docx | I24: Versión del documento: 0.1 de trabajo | Base estructural: Diseno_Formal_Capa1_v2_1_Unificado | Base de redacción operativa: Marco de Trabajo y Catálogo de Preguntas v2.1 - Bloque 0.5 (Encuadre) | J24: Fuente canónica de nodos | K24: Fuente final aprobada | L24: 8 | M24: active | N24: base_question | O24: base | P24: encuadre_sistemico | Q24: ¿Qué tan claro tienes quién sufre realmente si esta actividad sale mal? | R24: Siempre | S24: ¿Qué tan claro tienes quién sufre realmente si esta actividad sale mal? | T24: Siempre | U24: Obligatoria | V24: claridad_afectado_0_5_1d | X24: normal | Y24: FALSE | AA24: readiness_marker | AB24: readiness_marker | AC24: captured_user_self_assessment | AD24: captured_user_self_assessment | AE24: No aplica / captura directa | AF24: No inferir como captured_user_evidence; exigir confirmación si afecta ruta canónica. | AG24: Audit log requerido si se deriva, corrige, bloquea o modifica ruta crítica. | AH24: PM | AI24: PF; MoC | AJ24: Condicional | AK24: cliente_funcional_candidate | AL24: Representa ubicación sistémica de la actividad, no receptor inmediato solamente. | AM24: PM↔PF; PM↔MoC | AN24: Sí | AO24: S1; S2; S3; S4; S5 | AP24: S1 | S2 | S3 | S4 | S5 | AQ24: No directo | AR24: preparación; no diagnóstico | AS24: alta | AT24: SCR; EvidenceBundle; MDSB; Inventory PM candidates | AU24: GapObject / EvidenceInsufficiency | AV24: explicitly_carried_forward if unresolved | AW24: Se pierde una señal importante sobre la calidad epistemológica de la respuesta. | AX24: 47c3bdfb456d56412c32d13235e49c84d0e2657fc4646553005107b4eaffd20c
A25: 0.1.0 | B25: 1.0 | C25: B0_5_0_5_2 | D25: C1B0_5-007 | E25: 0.5 | F25: 7 | G25: 0.5.2 | H25: Bloque_0_5_Documento_Madre_Capa1_v2_1_EVE.docx | I25: Versión del documento: 0.1 de trabajo | Base estructural: Diseno_Formal_Capa1_v2_1_Unificado | Base de redacción operativa: Marco de Trabajo y Catálogo de Preguntas v2.1 - Bloque 0.5 (Encuadre) | J25: Fuente canónica de nodos | K25: Fuente final aprobada | L25: 9 | M25: active | N25: base_question | O25: base | P25: encuadre_sistemico | Q25: ¿A qué gran proceso de la empresa pertenece esta actividad? | R25: Siempre | S25: ¿A qué gran proceso de la empresa pertenece esta actividad? | T25: Siempre | U25: Obligatoria | V25: scene_macro_process | X25: normal | Y25: FALSE | AA25: capturado (captured_user_evidence) | AB25: captured_user_evidence | AC25: capturado (captured_user_evidence) | AD25: captured_user_evidence | AE25: No aplica / captura directa | AF25: No inferir como captured_user_evidence; exigir confirmación si afecta ruta canónica. | AG25: Audit log requerido si se deriva, corrige, bloquea o modifica ruta crítica. | AH25: PM | AI25: PF; MoC | AJ25: Condicional | AK25: business_process_candidate | AL25: Representa ubicación sistémica de la actividad, no receptor inmediato solamente. | AM25: PM↔PF; PM↔MoC | AN25: Sí | AO25: S1; S2; S3; S4; S5 | AP25: S1 | S2 | S3 | S4 | S5 | AQ25: No directo | AR25: preparación; no diagnóstico | AS25: alta | AT25: SCR; EvidenceBundle; MDSB; Inventory PM candidates | AU25: GapObject / EvidenceInsufficiency | AV25: explicitly_carried_forward if unresolved | AW25: La escena queda sin proceso contenedor y se dificulta toda lectura de cadena de valor o relación con unidades operativas. | AX25: 6af28ed6cca9a5b5bc6df702172be54456e2ea27293ae8118cbb4512fc6291b3
A26: 0.1.0 | B26: 1.0 | C26: B0_5_0_5_3 | D26: C1B0_5-008 | E26: 0.5 | F26: 8 | G26: 0.5.3 | H26: Bloque_0_5_Documento_Madre_Capa1_v2_1_EVE.docx | I26: Versión del documento: 0.1 de trabajo | Base estructural: Diseno_Formal_Capa1_v2_1_Unificado | Base de redacción operativa: Marco de Trabajo y Catálogo de Preguntas v2.1 - Bloque 0.5 (Encuadre) | J26: Fuente canónica de nodos | K26: Fuente final aprobada | L26: 10 | M26: active | N26: base_question | O26: base | P26: encuadre_sistemico | Q26: Cuando terminas esta actividad con éxito, ¿qué hito importante se desbloquea en la empresa para que otros puedan avanzar? | R26: Siempre | S26: Cuando terminas esta actividad con éxito, ¿qué hito importante se desbloquea en la empresa para que otros puedan avanzar? | T26: Siempre | U26: Obligatoria | V26: scene_enabled_milestone | X26: normal | Y26: FALSE | AA26: capturado (captured_user_evidence) | AB26: captured_user_evidence | AC26: capturado (captured_user_evidence) | AD26: captured_user_evidence | AE26: No aplica / captura directa | AF26: No inferir como captured_user_evidence; exigir confirmación si afecta ruta canónica. | AG26: Audit log requerido si se deriva, corrige, bloquea o modifica ruta crítica. | AH26: PM | AI26: PF; MoC | AJ26: Condicional | AK26: target_state_candidate | AL26: Representa ubicación sistémica de la actividad, no receptor inmediato solamente. | AM26: PM↔PF; PM↔MoC | AN26: Sí | AO26: S1; S2; S3; S4; S5 | AP26: S1 | S2 | S3 | S4 | S5 | AQ26: No directo | AR26: preparación; no diagnóstico | AS26: alta | AT26: SCR; EvidenceBundle; MDSB; Inventory PM candidates | AU26: GapObject / EvidenceInsufficiency | AV26: explicitly_carried_forward if unresolved | AW26: La escena queda sin relación explícita con el avance que habilita y se vuelve difícil mapear su lugar en la secuencia de hitos. | AX26: 6298bd957d6aa9fdc8347a9a07b0dd1d956d90ae06c9d8c23237b45d6f86ea54
A27: 0.1.0 | B27: 1.0 | C27: B0_5_0_5_4 | D27: C1B0_5-009 | E27: 0.5 | F27: 9 | G27: 0.5.4 | H27: Bloque_0_5_Documento_Madre_Capa1_v2_1_EVE.docx | I27: Versión del documento: 0.1 de trabajo | Base estructural: Diseno_Formal_Capa1_v2_1_Unificado | Base de redacción operativa: Marco de Trabajo y Catálogo de Preguntas v2.1 - Bloque 0.5 (Encuadre) | J27: Fuente canónica de nodos | K27: Fuente final aprobada | L27: 11 | M27: active | N27: base_question | O27: base | P27: encuadre_sistemico | Q27: Si tienes muchas cosas que hacer y no hay tiempo para todo, ¿quién o qué define que esta actividad en particular debe hacerse primero? | R27: Siempre | S27: Si tienes muchas cosas que hacer y no hay tiempo para todo, ¿quién o qué define que esta actividad en particular debe hacerse primero? | T27: Siempre | U27: Obligatoria | V27: scene_priority_source | X27: normal | Y27: FALSE | AA27: capturado (captured_user_evidence) | AB27: captured_user_evidence | AC27: capturado (captured_user_evidence) | AD27: captured_user_evidence | AE27: No aplica / captura directa | AF27: No inferir como captured_user_evidence; exigir confirmación si afecta ruta canónica. | AG27: Audit log requerido si se deriva, corrige, bloquea o modifica ruta crítica. | AH27: PM | AI27: PF; MoC | AJ27: Condicional | AK27: sync_or_priority_candidate | AL27: Representa ubicación sistémica de la actividad, no receptor inmediato solamente. | AM27: PM↔PF; PM↔MoC | AN27: Sí | AO27: S1; S2; S3; S4; S5 | AP27: S1 | S2 | S3 | S4 | S5 | AQ27: No directo | AR27: preparación; no diagnóstico | AS27: alta | AT27: SCR; EvidenceBundle; MDSB; Inventory PM candidates | AU27: GapObject / EvidenceInsufficiency | AV27: explicitly_carried_forward if unresolved | AW27: No queda claro quién ordena el trabajo cuando la escena compite con otras exigencias. | AX27: f3c59544016f4f1f53f1e0ee47f858c9a870e5b193bf22e049f521be316f891d
A28: 0.1.0 | B28: 1.0 | C28: B0_5_0_5_4a | D28: C1B0_5-010 | E28: 0.5 | F28: 10 | G28: 0.5.4a | H28: Bloque_0_5_Documento_Madre_Capa1_v2_1_EVE.docx | I28: Versión del documento: 0.1 de trabajo | Base estructural: Diseno_Formal_Capa1_v2_1_Unificado | Base de redacción operativa: Marco de Trabajo y Catálogo de Preguntas v2.1 - Bloque 0.5 (Encuadre) | J28: Fuente canónica de nodos | K28: Fuente final aprobada | L28: 12 | M28: active | N28: base_question | O28: base | P28: encuadre_sistemico | Q28: Si ya estás trabajando en esta actividad y te entra otra urgencia que la desplaza, ¿de quién o de dónde suele venir esa nueva prioridad? | R28: Siempre | S28: Si ya estás trabajando en esta actividad y te entra otra urgencia que la desplaza, ¿de quién o de dónde suele venir esa nueva prioridad? | T28: Siempre, después de 0.5.4 | U28: Obligatoria | V28: scene_priority_displacement_source + scene_priority_pattern (derivable) | X28: normal | Y28: FALSE | AA28: capturado + derivado (captured_user_evidence / canonical_derivation) | AB28: captured_user_evidence | canonical_derivation | AC28: capturado + derivado (captured_user_evidence / canonical_derivation) | AD28: captured_user_evidence | canonical_derivation | AE28: No aplica / captura directa | AF28: No inferir como captured_user_evidence; exigir confirmación si afecta ruta canónica. | AG28: Audit log requerido si se deriva, corrige, bloquea o modifica ruta crítica. | AH28: PM | AI28: PF; MoC | AJ28: Condicional | AK28: sync_or_priority_candidate | AL28: Representa ubicación sistémica de la actividad, no receptor inmediato solamente. | AM28: PM↔PF; PM↔MoC | AN28: Sí | AO28: S1; S2; S3; S4; S5 | AP28: S1 | S2 | S3 | S4 | S5 | AQ28: No directo | AR28: preparación; no diagnóstico | AS28: alta | AT28: SCR; EvidenceBundle; MDSB; Inventory PM candidates | AU28: GapObject / EvidenceInsufficiency | AV28: explicitly_carried_forward if unresolved | AW28: Se pierde la diferencia entre prioridad estable y prioridad que irrumpe, y con ello una fuente importante de ruido regulatorio. | AX28: c905416a6fbfbba99fa5ab188e781ac29e8deb7929614f11eef6fa7f196a7b95
A29: 0.1.0 | B29: 1.0 | C29: B0_5_0_5_A | D29: C1B0_5-011 | E29: 0.5 | F29: 11 | G29: 0.5.A | H29: Bloque_0_5_Documento_Madre_Capa1_v2_1_EVE.docx | I29: Versión del documento: 0.1 de trabajo | Base estructural: Diseno_Formal_Capa1_v2_1_Unificado | Base de redacción operativa: Marco de Trabajo y Catálogo de Preguntas v2.1 - Bloque 0.5 (Encuadre) | J29: Fuente canónica de nodos | K29: Fuente final aprobada | L29: 13 | M29: active | N29: clarification_node | O29: aclaracion | P29: encuadre_sistemico | Q29: Aclaración micro para diferenciar cliente funcional de receptor inmediato. | R29: Por flag | S29: Para no confundirlo: más allá de a quién le entregas directamente, ¿quién dirías que obtiene el beneficio real al final y quién absorbe el problema real si esto falla? | T29: Solo por flag | U29: Nunca en flujo base | V29: scene_functional_client + clarifications_bundle_0_5_A | X29: normal | Y29: FALSE | AA29: aclarado (clarification) | AB29: clarification | AC29: aclarado (clarification) | AD29: clarification | AE29: No aplica / captura directa | AF29: No inferir como captured_user_evidence; exigir confirmación si afecta ruta canónica. | AG29: Audit log requerido si se deriva, corrige, bloquea o modifica ruta crítica. | AH29: PM | AI29: PF; MoC | AJ29: Condicional | AK29: pm_context_candidate | AL29: Representa ubicación sistémica de la actividad, no receptor inmediato solamente. | AM29: PM↔PF; PM↔MoC | AN29: Sí | AO29: S1; S2; S3; S4; S5 | AP29: S1 | S2 | S3 | S4 | S5 | AQ29: No directo | AR29: preparación; no diagnóstico | AS29: media | AT29: SCR; EvidenceBundle; MDSB; Inventory PM candidates | AU29: ReviewNote / non_blocking_flag | AV29: explicitly_carried_forward if unresolved | AW29: Una confusión semántica pequeña puede contaminar la lectura completa del cliente funcional. | AX29: 469061d6a5b3d701c5d14d83960d71f59b2d02903e86bf652f48d9212a0ed50c
A30: 0.1.0 | B30: 1.0 | C30: B0_5_0_5_B | D30: C1B0_5-012 | E30: 0.5 | F30: 12 | G30: 0.5.B | H30: Bloque_0_5_Documento_Madre_Capa1_v2_1_EVE.docx | I30: Versión del documento: 0.1 de trabajo | Base estructural: Diseno_Formal_Capa1_v2_1_Unificado | Base de redacción operativa: Marco de Trabajo y Catálogo de Preguntas v2.1 - Bloque 0.5 (Encuadre) | J30: Fuente canónica de nodos | K30: Fuente final aprobada | L30: 14 | M30: active | N30: clarification_node | O30: aclaracion | P30: encuadre_sistemico | Q30: Aclaración micro para precisar proceso contenedor cuando la respuesta es demasiado genérica o demasiado local. | R30: Por flag | S30: La respuesta sobre el proceso quedó demasiado amplia o demasiado pegada a la tarea. ¿En qué proceso más grande vive realmente esta actividad dentro de la empresa? | T30: Solo por flag | U30: Nunca en flujo base | V30: scene_macro_process + clarifications_bundle_0_5_B | X30: normal | Y30: FALSE | AA30: aclarado (clarification) | AB30: clarification | AC30: aclarado (clarification) | AD30: clarification | AE30: No aplica / captura directa | AF30: No inferir como captured_user_evidence; exigir confirmación si afecta ruta canónica. | AG30: Audit log requerido si se deriva, corrige, bloquea o modifica ruta crítica. | AH30: PM | AI30: PF; MoC | AJ30: Condicional | AK30: pm_context_candidate | AL30: Representa ubicación sistémica de la actividad, no receptor inmediato solamente. | AM30: PM↔PF; PM↔MoC | AN30: Sí | AO30: S1; S2; S3; S4; S5 | AP30: S1 | S2 | S3 | S4 | S5 | AQ30: No directo | AR30: preparación; no diagnóstico | AS30: alta | AT30: SCR; EvidenceBundle; MDSB; Inventory PM candidates | AU30: GapObject / EvidenceInsufficiency | AV30: explicitly_carried_forward if unresolved | AW30: El proceso contenedor puede quedar mal segmentado, afectando luego agrupación de escenas y lectura de cadena. | AX30: 9db7536f876591badeace1d9adba6f468c01f341e187c3cd8839e8695d7455d0
... A61: 0.1.0 | B61: 1.0 | C61: B2_2_8 | D61: C1B2-019 | E61: 2 | F61: 19 | G61: 2.8 | H61: Bloque_2_Documento_Madre_Capa1_v2_1_EVE.docx | I61: Versión del documento: 0.1 de trabajo | Base estructural: Diseno_Formal_Capa1_v2_1_Unificado | Base de redacción operativa: Marco de Trabajo y Catálogo de Preguntas v2.1 - Bloque 2 (Transformación). | J61: Fuente canónica de nodos | K61: Fuente final aprobada | L61: 22 | M61: active | N61: causal_probe | O61: causal_profunda | P61: transformacion | Q61: Si respondiste 'Pocas veces' o 'Muchas veces', ¿cuántos ciclos típicamente ocurren? | R61: Si 2.7 = Pocas veces o Muchas veces | S61: Si respondiste 'Pocas veces' o 'Muchas veces', ¿cuántos ciclos típicamente ocurren? | T61: Visible solo si 2.7 indica iteración discreta repetida. | U61: Obligatoria si se activa. | V61: transformation_iteration_count | X61: normal | Y61: FALSE | AA61: captured_user_evidence | AB61: captured_user_evidence | AC61: captured_user_evidence | AD61: captured_user_evidence | AE61: No aplica / captura directa | AF61: No inferir como captured_user_evidence; exigir confirmación si afecta ruta canónica. | AG61: Audit log requerido si se deriva, corrige, bloquea o modifica ruta crítica. | AH61: MoC | AI61: PF; OLC | AJ61: Sí | AK61: object_state_transition_candidate | AL61: La transformación debe representar lo que cambia realmente. | AM61: MoC↔PF; PF↔OLC; OLC↔MoC | AN61: Sí | AO61: S1; S3*; canal algedónico | AP61: S1 | S3* | S3 | algedonic_channel | AQ61: No directo | AR61: preparación; no diagnóstico | AS61: media | AT61: SCR; OperationalExceptionEvidence; EvidenceBundle; MDSB; Inventory/Registry candidates | AU61: ReviewNote / non_blocking_flag | AV61: explicitly_carried_forward if unresolved | AW61: Si falta, se pierde modelabilidad específica del fenómeno reportado. | AX61: 9696630d2611bb1585753ec1d958d219b8f5f9d9d4df1d58045f462f50379b5b
A62: 0.1.0 | B62: 1.0 | C62: B2_2_9 | D62: C1B2-020 | E62: 2 | F62: 20 | G62: 2.9 | H62: Bloque_2_Documento_Madre_Capa1_v2_1_EVE.docx | I62: Versión del documento: 0.1 de trabajo | Base estructural: Diseno_Formal_Capa1_v2_1_Unificado | Base de redacción operativa: Marco de Trabajo y Catálogo de Preguntas v2.1 - Bloque 2 (Transformación). | J62: Fuente canónica de nodos | K62: Fuente final aprobada | L62: 23 | M62: active | N62: base_question | O62: base | P62: transformacion | Q62: ¿Hay momentos en que no se transforma aunque debería, o se transforma de forma incorrecta? | R62: Siempre | S62: ¿Hay momentos en que no se transforma aunque debería, o se transforma de forma incorrecta? | T62: Siempre visible. | U62: Siempre obligatoria. | V62: transformation_exception_type + transformation_exception_exists Regla de salida: transformation_exception_type conserva la respuesta literal/categórica de 2.9 como evidencia capturada. transformation_exception_exists se deriva canónicamente desde transformation_exception_type. | W62: CR-B2-V3-transformation_exception | X62: ruta_crítica | Y62: TRUE | Z62: CR-B2-V3-transformation_exception | AA62: captured_user_evidence | AB62: captured_user_evidence | AC62: captured_user_evidence para transformation_exception_type. canonical_derivation para transformation_exception_exists. | AD62: captured_user_evidence | canonical_derivation | AE62: No aplica / captura directa | AF62: No inferir como captured_user_evidence; exigir confirmación si afecta ruta canónica. | AG62: Audit log requerido si se deriva, corrige, bloquea o modifica ruta crítica. | AH62: PF | AI62: OLC; MoC | AJ62: Sí | AK62: transformation_exception_candidate | AL62: La transformación debe representar lo que cambia realmente. | AM62: MoC↔PF; PF↔OLC; OLC↔MoC | AN62: Sí | AO62: S1; S3*; canal algedónico | AP62: S1 | S3* | S3 | algedonic_channel | AQ62: No directo | AR62: preparación; no diagnóstico | AS62: bloqueante/ruta_crítica | AT62: SCR; OperationalExceptionEvidence; EvidenceBundle; MDSB; Inventory/Registry candidates | AU62: CanonicalRouteException | AV62: blocked_or_reentry_required | AW62: Si falta, se pierde modelabilidad específica del fenómeno reportado. | AX62: fd63dad32138176b647280f10e5ce21e4838ba41818d44774f173369c937ce82
A63: 0.1.0 | B63: 1.0 | C63: B2_2_10 | D63: C1B2-021 | E63: 2 | F63: 21 | G63: 2.10 | H63: Bloque_2_Documento_Madre_Capa1_v2_1_EVE.docx | I63: Versión del documento: 0.1 de trabajo | Base estructural: Diseno_Formal_Capa1_v2_1_Unificado | Base de redacción operativa: Marco de Trabajo y Catálogo de Preguntas v2.1 - Bloque 2 (Transformación). | J63: Fuente canónica de nodos | K63: Fuente final aprobada | L63: 25 | M63: active | N63: causal_probe | O63: causal_profunda | P63: transformacion | Q63: Si respondiste 'Sí' en la pregunta anterior, ¿cómo falla la transformación? ¿Qué ocurre exactamente? | R63: Si 2.9 indica falla | S63: Si respondiste 'Sí' en la pregunta anterior, ¿cómo falla la transformación? ¿Qué ocurre exactamente? | T63: Visible solo si transformation_exception_exists = true. | U63: Obligatoria si se activa. | V63: transformation_exception_description | W63: CR-B2-V3-transformation_exception | X63: ruta_crítica | Y63: TRUE | Z63: CR-B2-V3-transformation_exception | AA63: captured_user_evidence | AB63: captured_user_evidence | AC63: captured_user_evidence | AD63: captured_user_evidence | AE63: No aplica / captura directa | AF63: No inferir como captured_user_evidence; exigir confirmación si afecta ruta canónica. | AG63: Audit log requerido si se deriva, corrige, bloquea o modifica ruta crítica. | AH63: MoC | AI63: PF; OLC | AJ63: Sí | AK63: object_or_action_candidate | AL63: La transformación debe representar lo que cambia realmente. | AM63: MoC↔PF; PF↔OLC; OLC↔MoC | AN63: Sí | AO63: S1; S3*; canal algedónico | AP63: S1 | S3* | S3 | algedonic_channel | AQ63: No directo | AR63: preparación; no diagnóstico | AS63: bloqueante/ruta_crítica | AT63: SCR; OperationalExceptionEvidence; EvidenceBundle; MDSB; Inventory/Registry candidates | AU63: CanonicalRouteException | AV63: blocked_or_reentry_required | AW63: Si falta, se pierde modelabilidad específica del fenómeno reportado. | AX63: 61a74f214df00ecac32f159c61ca95eabc44868db2f96c72fa3f3ce54d232045
A64: 0.1.0 | B64: 1.0 | C64: B2_2_11 | D64: C1B2-022 | E64: 2 | F64: 22 | G64: 2.11 | H64: Bloque_2_Documento_Madre_Capa1_v2_1_EVE.docx | I64: Versión del documento: 0.1 de trabajo | Base estructural: Diseno_Formal_Capa1_v2_1_Unificado | Base de redacción operativa: Marco de Trabajo y Catálogo de Preguntas v2.1 - Bloque 2 (Transformación). | J64: Fuente canónica de nodos | K64: Fuente final aprobada | L64: 26 | M64: active | N64: base_question | O64: base | P64: transformacion | Q64: ¿Hay cambios que ocurren en lo principal pero que no son oficiales o esperados? | R64: Siempre | S64: ¿Hay cambios que ocurren en lo principal pero que no son oficiales o esperados? | T64: Siempre visible. | U64: Siempre obligatoria. | V64: transformation_hidden_changes | W64: CR-B2-V3-transformation_exception | X64: ruta_crítica | Y64: TRUE | Z64: CR-B2-V3-transformation_exception | AA64: captured_user_evidence | AB64: captured_user_evidence | AC64: captured_user_evidence | AD64: captured_user_evidence | AE64: No aplica / captura directa | AF64: No inferir como captured_user_evidence; exigir confirmación si afecta ruta canónica. | AG64: Audit log requerido si se deriva, corrige, bloquea o modifica ruta crítica. | AH64: MoC | AI64: PF; OLC | AJ64: Sí | AK64: object_or_action_candidate | AL64: La transformación debe representar lo que cambia realmente. | AM64: MoC↔PF; PF↔OLC; OLC↔MoC | AN64: Sí | AO64: S1; S3*; canal algedónico | AP64: S1 | S3* | S3 | algedonic_channel | AQ64: No directo | AR64: preparación; no diagnóstico | AS64: alta | AT64: SCR; OperationalExceptionEvidence; EvidenceBundle; MDSB; Inventory/Registry candidates | AU64: CanonicalRouteException | AV64: explicitly_carried_forward if unresolved | AW64: Si falta, se pierde modelabilidad específica del fenómeno reportado. | AX64: b76cdef66e81c51d073e603050679da7f1d87cb4451c79196ceaeef110441c5b
A65: 0.1.0 | B65: 1.0 | C65: B2_2_12 | D65: C1B2-023 | E65: 2 | F65: 23 | G65: 2.12 | H65: Bloque_2_Documento_Madre_Capa1_v2_1_EVE.docx | I65: Versión del documento: 0.1 de trabajo | Base estructural: Diseno_Formal_Capa1_v2_1_Unificado | Base de redacción operativa: Marco de Trabajo y Catálogo de Preguntas v2.1 - Bloque 2 (Transformación). | J65: Fuente canónica de nodos | K65: Fuente final aprobada | L65: 27 | M65: active | N65: conditional_question | O65: condicional | P65: transformacion | Q65: Si respondiste 'Sí', ¿cuáles son esos cambios no oficiales y quién los hace? | R65: Si 2.11 indica cambios ocultos | S65: Si respondiste 'Sí', ¿cuáles son esos cambios no oficiales y quién los hace? | T65: Visible solo si 2.11 = Sí, a veces / frecuentemente. | U65: Obligatoria si se activa. | V65: transformation_hidden_changes_description | W65: CR-B2-V3-transformation_exception | X65: ruta_crítica | Y65: TRUE | Z65: CR-B2-V3-transformation_exception | AA65: captured_user_evidence | AB65: captured_user_evidence | AC65: captured_user_evidence | AD65: captured_user_evidence | AE65: No aplica / captura directa | AF65: No inferir como captured_user_evidence; exigir confirmación si afecta ruta canónica. | AG65: Audit log requerido si se deriva, corrige, bloquea o modifica ruta crítica. | AH65: MoC | AI65: PF; OLC | AJ65: Sí | AK65: object_or_action_candidate | AL65: La transformación debe representar lo que cambia realmente. | AM65: MoC↔PF; PF↔OLC; OLC↔MoC | AN65: Sí | AO65: S1; S3*; canal algedónico | AP65: S1 | S3* | S3 | algedonic_channel | AQ65: No directo | AR65: preparación; no diagnóstico | AS65: media | AT65: SCR; OperationalExceptionEvidence; EvidenceBundle; MDSB; Inventory/Registry candidates | AU65: CanonicalRouteException | AV65: explicitly_carried_forward if unresolved | AW65: Si falta, se pierde modelabilidad específica del fenómeno reportado. | AX65: 71c1f871bd1d498d4c9d1f3b571ead48686a907d3343c393952c2cf44991a7ae
A66: 0.1.0 | B66: 1.0 | C66: B2_2_A | D66: C1B2-024 | E66: 2 | F66: 24 | G66: 2.A | H66: Bloque_2_Documento_Madre_Capa1_v2_1_EVE.docx | I66: Versión del documento: 0.1 de trabajo | Base estructural: Diseno_Formal_Capa1_v2_1_Unificado | Base de redacción operativa: Marco de Trabajo y Catálogo de Preguntas v2.1 - Bloque 2 (Transformación). | J66: Fuente canónica de nodos | K66: Fuente final aprobada | L66: 28 | M66: active | N66: clarification_node | O66: aclaracion | P66: transformacion | Q66: Aclaración sobre dimensión dominante cuando la relación quedó ambigua o tautológica. | R66: Por flag de ambigüedad en 2.1_rel | S66: Veo que marcaste varias dimensiones o atributos, pero todavía no queda claro qué es lo que realmente limita más esta transformación. ¿Dirías que el problema principal está en el objeto, en el sujeto, en la acción o en una combinación concreta? | T66: No aparece en flujo base; solo por flags. | U66: Solo si la aclaración es disparada por flag. | V66: dimension_dominante_clarificada | X66: normal | Y66: FALSE | AA66: clarification | AB66: clarification | AC66: clarification | AD66: clarification | AE66: No aplica / captura directa | AF66: No inferir como captured_user_evidence; exigir confirmación si afecta ruta canónica. | AG66: Audit log requerido si se deriva, corrige, bloquea o modifica ruta crítica. | AH66: MoC | AI66: PF; OLC | AJ66: Sí | AK66: transformation_clarification | AL66: La transformación debe representar lo que cambia realmente. | AM66: MoC↔PF; PF↔OLC; OLC↔MoC | AN66: Sí | AO66: S1; S3*; canal algedónico | AP66: S1 | S3* | S3 | algedonic_channel | AQ66: No directo | AR66: preparación; no diagnóstico | AS66: media | AT66: SCR; OperationalExceptionEvidence; EvidenceBundle; MDSB; Inventory/Registry candidates | AU66: ReviewNote / non_blocking_flag | AV66: explicitly_carried_forward if unresolved | AW66: Si falta cuando era necesaria, queda ambigüedad residual que puede reducir readiness del bloque. | AX66: c2a18eb287c692f13613de8820306f3fcdeb0fbb367d665df12cb2fcdc54270f
A67: 0.1.0 | B67: 1.0 | C67: B2_2_B | D67: C1B2-025 | E67: 2 | F67: 25 | G67: 2.B | H67: Bloque_2_Documento_Madre_Capa1_v2_1_EVE.docx | I67: Versión del documento: 0.1 de trabajo | Base estructural: Diseno_Formal_Capa1_v2_1_Unificado | Base de redacción operativa: Marco de Trabajo y Catálogo de Preguntas v2.1 - Bloque 2 (Transformación). | J67: Fuente canónica de nodos | K67: Fuente final aprobada | L67: 29 | M67: active | N67: clarification_node | O67: aclaracion | P67: transformacion | Q67: Aclaración sobre falla de transformación descrita de forma genérica o insuficiente. | R67: Por flag en 2.10 | S67: Mencionaste que la transformación falla, pero todavía no queda claro cómo falla exactamente. ¿Qué es lo primero que ves que sale mal o no cambia cómo debería? | T67: No aparece en flujo base; solo por flags. | U67: Solo si la aclaración es disparada por flag. | V67: transformation_exception_description_clarified | X67: normal | Y67: FALSE | AA67: clarification | AB67: clarification | AC67: clarification | AD67: clarification | AE67: No aplica / captura directa | AF67: No inferir como captured_user_evidence; exigir confirmación si afecta ruta canónica. | AG67: Audit log requerido si se deriva, corrige, bloquea o modifica ruta crítica. | AH67: MoC | AI67: PF; OLC | AJ67: Sí | AK67: transformation_clarification | AL67: La transformación debe representar lo que cambia realmente. | AM67: MoC↔PF; PF↔OLC; OLC↔MoC | AN67: Sí | AO67: S1; S3*; canal algedónico | AP67: S1 | S3* | S3 | algedonic_channel | AQ67: No directo | AR67: preparación; no diagnóstico | AS67: alta | AT67: SCR; OperationalExceptionEvidence; EvidenceBundle; MDSB; Inventory/Registry candidates | AU67: GapObject / EvidenceInsufficiency | AV67: explicitly_carried_forward if unresolved | AW67: Si falta cuando era necesaria, queda ambigüedad residual que puede reducir readiness del bloque. | AX67: 6a8df9606d547e741bfadc46b2d682a5be9b113b43fd899a36a46044d652f118
A68: 0.1.0 | B68: 1.0 | C68: B2_2_C | D68: C1B2-026 | E68: 2 | F68: 26 | G68: 2.C | H68: Bloque_2_Documento_Madre_Capa1_v2_1_EVE.docx | I68: Versión del documento: 0.1 de trabajo | Base estructural: Diseno_Formal_Capa1_v2_1_Unificado | Base de redacción operativa: Marco de Trabajo y Catálogo de Preguntas v2.1 - Bloque 2 (Transformación). | J68: Fuente canónica de nodos | K68: Fuente final aprobada | L68: 30 | M68: active | N68: clarification_node | O68: aclaracion | P68: transformacion | Q68: Aclaración sobre cambio oculto sin actor o sin tipo de cambio identificable. | R68: Por flag en 2.12 | S68: Mencionaste cambios no oficiales, pero todavía no queda claro cuál es el cambio concreto o quién lo hace. ¿Qué cambia fuera del procedimiento normal y desde dónde ocurre? | T68: No aparece en flujo base; solo por flags. | U68: Solo si la aclaración es disparada por flag. | V68: transformation_hidden_changes_description_clarified | X68: normal | Y68: FALSE | AA68: clarification | AB68: clarification | AC68: clarification | AD68: clarification | AE68: No aplica / captura directa | AF68: No inferir como captured_user_evidence; exigir confirmación si afecta ruta canónica. | AG68: Audit log requerido si se deriva, corrige, bloquea o modifica ruta crítica. | AH68: MoC | AI68: PF; OLC | AJ68: Sí | AK68: transformation_clarification | AL68: La transformación debe representar lo que cambia realmente. | AM68: MoC↔PF; PF↔OLC; OLC↔MoC | AN68: Sí | AO68: S1; S3*; canal algedónico | AP68: S1 | S3* | S3 | algedonic_channel | AQ68: No directo | AR68: preparación; no diagnóstico | AS68: media | AT68: SCR; OperationalExceptionEvidence; EvidenceBundle; MDSB; Inventory/Registry candidates | AU68: ReviewNote / non_blocking_flag | AV68: explicitly_carried_forward if unresolved | AW68: Si falta cuando era necesaria, queda ambigüedad residual que puede reducir readiness del bloque. | AX68: d9ef7c86c6cde31b9f06f7b995f0ad6e40fb7a40cf42f5ec7f5ece4641298a9f
A69: 0.1.0 | B69: 1.0 | C69: B3_3_1 | D69: C1B3-001 | E69: 3 | F69: 1 | G69: 3.1 | H69: Bloque_3_Documento_Madre_Capa1_v2_1_EVE_rev3_alineado.docx | I69: Versión del documento: 0.2 rev3 alineada | Base estructural: Diseno_Formal_Capa1_v2_1_Unificado | Base de redacción operativa: Marco de Trabajo y Catálogo de Preguntas v2.1 - Bloque 3 (Salida) | Ajuste incorporado: integración completa de 3.13a y 3.D | J69: Fuente canónica de nodos | K69: Fuente final aprobada | L69: 3 | M69: active | N69: base_question | O69: base | P69: salida_handoff | Q69: ¿Qué es exactamente lo que entregas o pones a disposición de otro al terminar? | R69: Siempre | S69: ¿Qué es exactamente lo que entregas o pones a disposición de otro al terminar? | T69: Siempre visible al iniciar el bloque. | U69: Siempre obligatoria. | V69: output_object | X69: normal | Y69: FALSE | AA69: captured_user_evidence | AB69: captured_user_evidence | AC69: captured_user_evidence | AD69: captured_user_evidence | AE69: No aplica / captura directa | AF69: No inferir como captured_user_evidence; exigir confirmación si afecta ruta canónica. | AG69: Audit log requerido si se deriva, corrige, bloquea o modifica ruta crítica. | AH69: PF | AI69: PM; MoC; OLC | AJ69: Sí | AK69: output_candidate | AL69: La salida/receptor debe corresponder a entrega real de la actividad. | AM69: PM↔PF; MoC↔PF; PF↔OLC | AN69: Sí | AO69: S1; S2; S3*; canal algedónico | AP69: S1 | S2 | S3* | S3 | algedonic_channel | AQ69: No directo | AR69: preparación; no diagnóstico | AS69: media | AT69: SCR / EvidenceBundle | AU69: ReviewNote / non_blocking_flag | AV69: explicitly_carried_forward if unresolved | AW69: Si falta, el bloque no puede distinguir qué sale realmente de la escena. | AX69: 9a5a5a3f80c14451acc446fd0c9f388ee77380b716ca89848459b1f47f890bd7
A70: 0.1.0 | B70: 1.0 | C70: B3_3_2 | D70: C1B3-002 | E70: 3 | F70: 2 | G70: 3.2 | H70: Bloque_3_Documento_Madre_Capa1_v2_1_EVE_rev3_alineado.docx | I70: Versión del documento: 0.2 rev3 alineada | Base estructural: Diseno_Formal_Capa1_v2_1_Unificado | Base de redacción operativa: Marco de Trabajo y Catálogo de Preguntas v2.1 - Bloque 3 (Salida) | Ajuste incorporado: integración completa de 3.13a y 3.D | J70: Fuente canónica de nodos | K70: Fuente final aprobada | L70: 4 | M70: active | N70: base_question | O70: base | P70: salida_handoff | Q70: ¿Quién es la persona, equipo o sistema que recibe directamente lo que entregas? | R70: Siempre | S70: ¿Quién es la persona, equipo o sistema que recibe directamente lo que entregas? | T70: Siempre visible después de 3.1. | U70: Siempre obligatoria. | V70: primary_receiver | X70: normal | Y70: FALSE | AA70: captured_user_evidence | AB70: captured_user_evidence | AC70: captured_user_evidence | AD70: captured_user_evidence | AE70: No aplica / captura directa | AF70: No inferir como captured_user_evidence; exigir confirmación si afecta ruta canónica. | AG70: Audit log requerido si se deriva, corrige, bloquea o modifica ruta crítica. | AH70: PF | AI70: PM; MoC; OLC | AJ70: Sí | AK70: handoff_candidate | AL70: La salida/receptor debe corresponder a entrega real de la actividad. | AM70: PM↔PF; MoC↔PF; PF↔OLC | AN70: Sí | AO70: S1; S2; S3*; canal algedónico | AP70: S1 | S2 | S3* | S3 | algedonic_channel | AQ70: No directo | AR70: preparación; no diagnóstico | AS70: media | AT70: SCR / EvidenceBundle | AU70: ReviewNote / non_blocking_flag | AV70: explicitly_carried_forward if unresolved | AW70: Si falta, el handoff queda sin destinatario inmediato. | AX70: 8525789664a1bf4dbf340872bf7cee18b675d5f1797a360097df0051317423ac
A71: 0.1.0 | B71: 1.0 | C71: B3_3_3 | D71: C1B3-003 | E71: 3 | F71: 3 | G71: 3.3 | H71: Bloque_3_Documento_Madre_Capa1_v2_1_EVE_rev3_alineado.docx | I71: Versión del documento: 0.2 rev3 alineada | Base estructural: Diseno_Formal_Capa1_v2_1_Unificado | Base de redacción operativa: Marco de Trabajo y Catálogo de Preguntas v2.1 - Bloque 3 (Salida) | Ajuste incorporado: integración completa de 3.13a y 3.D | J71: Fuente canónica de nodos | K71: Fuente final aprobada | L71: 5 | M71: active | N71: base_question | O71: base | P71: salida_handoff | Q71: ¿Cuál es la naturaleza del receptor? | R71: Siempre | S71: ¿Cuál es la naturaleza del receptor? | T71: Siempre visible después de 3.2. | U71: Siempre obligatoria. | V71: receiver_type | X71: normal | Y71: FALSE | AA71: captured_user_evidence | AB71: captured_user_evidence | AC71: captured_user_evidence | AD71: captured_user_evidence | AE71: No aplica / captura directa | AF71: No inferir como captured_user_evidence; exigir confirmación si afecta ruta canónica. | AG71: Audit log requerido si se deriva, corrige, bloquea o modifica ruta crítica. | AH71: PF | AI71: PM; MoC; OLC | AJ71: Sí | AK71: handoff_candidate | AL71: La salida/receptor debe corresponder a entrega real de la actividad. | AM71: PM↔PF; MoC↔PF; PF↔OLC | AN71: Sí | AO71: S1; S2; S3*; canal algedónico | AP71: S1 | S2 | S3* | S3 | algedonic_channel | AQ71: No directo | AR71: preparación; no diagnóstico | AS71: media | AT71: SCR / EvidenceBundle | AU71: ReviewNote / non_blocking_flag | AV71: explicitly_carried_forward if unresolved | AW71: Si falta, el tipo de actor receptor queda indeterminado. | AX71: 6d8c3cc58b2af5bf97c7bb7018da79de4e6be52a0bf781359ad17a3cd17b2120
A72: 0.1.0 | B72: 1.0 | C72: B3_3_4 | D72: C1B3-004 | E72: 3 | F72: 4 | G72: 3.4 | H72: Bloque_3_Documento_Madre_Capa1_v2_1_EVE_rev3_alineado.docx | I72: Versión del documento: 0.2 rev3 alineada | Base estructural: Diseno_Formal_Capa1_v2_1_Unificado | Base de redacción operativa: Marco de Trabajo y Catálogo de Preguntas v2.1 - Bloque 3 (Salida) | Ajuste incorporado: integración completa de 3.13a y 3.D | J72: Fuente canónica de nodos | K72: Fuente final aprobada | L72: 6 | M72: active | N72: base_question | O72: base | P72: salida_handoff | Q72: Si el receptor no recibe esto a tiempo, ¿qué pasa normalmente con su trabajo? | R72: Siempre | S72: Si el receptor no recibe esto a tiempo, ¿qué pasa normalmente con su trabajo? | T72: Siempre visible. | U72: Siempre obligatoria. | V72: receiver_dependency | X72: normal | Y72: FALSE | AA72: captured_user_evidence | AB72: captured_user_evidence | AC72: captured_user_evidence | AD72: captured_user_evidence | AE72: No aplica / captura directa | AF72: No inferir como captured_user_evidence; exigir confirmación si afecta ruta canónica. | AG72: Audit log requerido si se deriva, corrige, bloquea o modifica ruta crítica. | AH72: PF | AI72: PM; MoC; OLC | AJ72: Sí | AK72: handoff_candidate | AL72: La salida/receptor debe corresponder a entrega real de la actividad. | AM72: PM↔PF; MoC↔PF; PF↔OLC | AN72: Sí | AO72: S1; S2; S3*; canal algedónico | AP72: S1 | S2 | S3* | S3 | algedonic_channel | AQ72: No directo | AR72: preparación; no diagnóstico | AS72: media | AT72: SCR / EvidenceBundle | AU72: ReviewNote / non_blocking_flag | AV72: explicitly_carried_forward if unresolved | AW72: Sin esta respuesta se debilita la lectura de impacto aguas abajo. | AX72: 16f9983178fddf7d93c8be9546921460d41a3230e281065eddde12d143805b96
A73: 0.1.0 | B73: 1.0 | C73: B3_3_5 | D73: C1B3-005 | E73: 3 | F73: 5 | G73: 3.5 | H73: Bloque_3_Documento_Madre_Capa1_v2_1_EVE_rev3_alineado.docx | I73: Versión del documento: 0.2 rev3 alineada | Base estructural: Diseno_Formal_Capa1_v2_1_Unificado | Base de redacción operativa: Marco de Trabajo y Catálogo de Preguntas v2.1 - Bloque 3 (Salida) | Ajuste incorporado: integración completa de 3.13a y 3.D | J73: Fuente canónica de nodos | K73: Fuente final aprobada | L73: 7 | M73: active | N73: base_question | O73: base | P73: salida_handoff | Q73: ¿Qué hace el receptor con lo que le entregas? ¿Cuál es su siguiente paso? | R73: Siempre | S73: ¿Qué hace el receptor con lo que le entregas? ¿Cuál es su siguiente paso? | T73: Siempre visible. | U73: Siempre obligatoria. | V73: receiver_impact | X73: normal | Y73: FALSE | AA73: captured_user_evidence | AB73: captured_user_evidence | AC73: captured_user_evidence | AD73: captured_user_evidence | AE73: No aplica / captura directa | AF73: No inferir como captured_user_evidence; exigir confirmación si afecta ruta canónica. | AG73: Audit log requerido si se deriva, corrige, bloquea o modifica ruta crítica. | AH73: PF | AI73: PM; MoC; OLC | AJ73: Sí | AK73: handoff_candidate | AL73: La salida/receptor debe corresponder a entrega real de la actividad. | AM73: PM↔PF; MoC↔PF; PF↔OLC | AN73: Sí | AO73: S1; S2; S3*; canal algedónico | AP73: S1 | S2 | S3* | S3 | algedonic_channel | AQ73: No directo | AR73: preparación; no diagnóstico | AS73: media | AT73: SCR / EvidenceBundle | AU73: ReviewNote / non_blocking_flag | AV73: explicitly_carried_forward if unresolved | AW73: Sin siguiente paso del receptor, el handoff queda sin sentido operativo. | AX73: 76046682a6cd2e4c4b4d1cd9bcf89f6063f32af59c6cd9f91f10502a50f64ef2
A74: 0.1.0 | B74: 1.0 | C74: B3_3_6 | D74: C1B3-006 | E74: 3 | F74: 6 | G74: 3.6 | H74: Bloque_3_Documento_Madre_Capa1_v2_1_EVE_rev3_alineado.docx | I74: Versión del documento: 0.2 rev3 alineada | Base estructural: Diseno_Formal_Capa1_v2_1_Unificado | Base de redacción operativa: Marco de Trabajo y Catálogo de Preguntas v2.1 - Bloque 3 (Salida) | Ajuste incorporado: integración completa de 3.13a y 3.D | J74: Fuente canónica de nodos | K74: Fuente final aprobada | L74: 8 | M74: active | N74: base_question | O74: base | P74: salida_handoff | Q74: ¿Hay otros actores que también reciben o necesitan acceso a lo que entregas? | R74: Siempre | S74: ¿Hay otros actores que también reciben o necesitan acceso a lo que entregas? | T74: Siempre visible. | U74: Siempre obligatoria. | V74: secondary_receivers | X74: normal | Y74: FALSE | AA74: captured_user_evidence | AB74: captured_user_evidence | AC74: captured_user_evidence | AD74: captured_user_evidence | AE74: No aplica / captura directa | AF74: No inferir como captured_user_evidence; exigir confirmación si afecta ruta canónica. | AG74: Audit log requerido si se deriva, corrige, bloquea o modifica ruta crítica. | AH74: PF | AI74: PM; MoC; OLC | AJ74: Sí | AK74: handoff_candidate | AL74: La salida/receptor debe corresponder a entrega real de la actividad. | AM74: PM↔PF; MoC↔PF; PF↔OLC | AN74: Sí | AO74: S1; S2; S3*; canal algedónico | AP74: S1 | S2 | S3* | S3 | algedonic_channel | AQ74: No directo | AR74: preparación; no diagnóstico | AS74: media | AT74: SCR / EvidenceBundle | AU74: ReviewNote / non_blocking_flag | AV74: explicitly_carried_forward if unresolved | AW74: Si falta, pueden desaparecer receptores secundarios relevantes del sistema. | AX74: 8ef91ec274b401b4e154e0e0e12e762cc551d8025fb219d3067dc1e7af39b089
A75: 0.1.0 | B75: 1.0 | C75: B3_3_7 | D75: C1B3-007 | E75: 3 | F75: 7 | G75: 3.7 | H75: Bloque_3_Documento_Madre_Capa1_v2_1_EVE_rev3_alineado.docx | I75: Versión del documento: 0.2 rev3 alineada | Base estructural: Diseno_Formal_Capa1_v2_1_Unificado | Base de redacción operativa: Marco de Trabajo y Catálogo de Preguntas v2.1 - Bloque 3 (Salida) | Ajuste incorporado: integración completa de 3.13a y 3.D | J75: Fuente canónica de nodos | K75: Fuente final aprobada | L75: 9 | M75: active | N75: base_question | O75: base | P75: salida_handoff | Q75: ¿Qué criterios o estándares debe cumplir lo que entregas para que el receptor esté satisfecho? | R75: Siempre | S75: ¿Qué criterios o estándares debe cumplir lo que entregas para que el receptor esté satisfecho? | T75: Siempre visible. | U75: Siempre obligatoria. | V75: quality_criteria | X75: normal | Y75: FALSE | AA75: captured_user_evidence | AB75: captured_user_evidence | AC75: captured_user_evidence | AD75: captured_user_evidence | AE75: No aplica / captura directa | AF75: No inferir como captured_user_evidence; exigir confirmación si afecta ruta canónica. | AG75: Audit log requerido si se deriva, corrige, bloquea o modifica ruta crítica. | AH75: PF | AI75: PM; MoC; OLC | AJ75: Sí | AK75: handoff_candidate | AL75: La salida/receptor debe corresponder a entrega real de la actividad. | AM75: PM↔PF; MoC↔PF; PF↔OLC | AN75: Sí | AO75: S1; S2; S3*; canal algedónico | AP75: S1 | S2 | S3* | S3 | algedonic_channel | AQ75: No directo | AR75: preparación; no diagnóstico | AS75: media | AT75: SCR / EvidenceBundle | AU75: ReviewNote / non_blocking_flag | AV75: explicitly_carried_forward if unresolved | AW75: Sin criterios, “bien hecho” queda implícito y poco auditable. | AX75: 74be6774de25badf28dbe5fa47dd36cf629011a17988d42f1609aa0f5207a7d8
A76: 0.1.0 | B76: 1.0 | C76: B3_3_8 | D76: C1B3-008 | E76: 3 | F76: 8 | G76: 3.8 | H76: Bloque_3_Documento_Madre_Capa1_v2_1_EVE_rev3_alineado.docx | I76: Versión del documento: 0.2 rev3 alineada | Base estructural: Diseno_Formal_Capa1_v2_1_Unificado | Base de redacción operativa: Marco de Trabajo y Catálogo de Preguntas v2.1 - Bloque 3 (Salida) | Ajuste incorporado: integración completa de 3.13a y 3.D | J76: Fuente canónica de nodos | K76: Fuente final aprobada | L76: 10 | M76: active | N76: base_question | O76: base | P76: salida_handoff | Q76: ¿Cómo entregas lo que haces? ¿Por qué medio? | R76: Siempre | S76: ¿Cómo entregas lo que haces? ¿Por qué medio? | T76: Siempre visible. | U76: Siempre obligatoria. | V76: delivery_mechanism | X76: normal | Y76: FALSE | AA76: captured_user_evidence | AB76: captured_user_evidence | AC76: captured_user_evidence | AD76: captured_user_evidence | AE76: No aplica / captura directa | AF76: No inferir como captured_user_evidence; exigir confirmación si afecta ruta canónica. | AG76: Audit log requerido si se deriva, corrige, bloquea o modifica ruta crítica. | AH76: PF | AI76: PM; MoC; OLC | AJ76: Sí | AK76: output_candidate | AL76: La salida/receptor debe corresponder a entrega real de la actividad. | AM76: PM↔PF; MoC↔PF; PF↔OLC | AN76: Sí | AO76: S1; S2; S3*; canal algedónico | AP76: S1 | S2 | S3* | S3 | algedonic_channel | AQ76: No directo | AR76: preparación; no diagnóstico | AS76: media | AT76: SCR / EvidenceBundle | AU76: ReviewNote / non_blocking_flag | AV76: explicitly_carried_forward if unresolved | AW76: Sin mecanismo, el handoff queda sin interfaz visible. | AX76: a1702e1aa6d8a0a8b3f8bf073244096dbb173ae2384e6053e95714f92bb2b75f
A77: 0.1.0 | B77: 1.0 | C77: B3_3_9 | D77: C1B3-009 | E77: 3 | F77: 9 | G77: 3.9 | H77: Bloque_3_Documento_Madre_Capa1_v2_1_EVE_rev3_alineado.docx | I77: Versión del documento: 0.2 rev3 alineada | Base estructural: Diseno_Formal_Capa1_v2_1_Unificado | Base de redacción operativa: Marco de Trabajo y Catálogo de Preguntas v2.1 - Bloque 3 (Salida) | Ajuste incorporado: integración completa de 3.13a y 3.D | J77: Fuente canónica de nodos | K77: Fuente final aprobada | L77: 11 | M77: active | N77: base_question | O77: base | P77: salida_handoff | Q77: ¿Con qué frecuencia entregas esto? | R77: Siempre | S77: ¿Con qué frecuencia entregas esto? | T77: Siempre visible. | U77: Siempre obligatoria. | V77: delivery_frequency | X77: normal | Y77: FALSE | AA77: captured_user_evidence | AB77: captured_user_evidence | AC77: captured_user_evidence | AD77: captured_user_evidence | AE77: No aplica / captura directa | AF77: No inferir como captured_user_evidence; exigir confirmación si afecta ruta canónica. | AG77: Audit log requerido si se deriva, corrige, bloquea o modifica ruta crítica. | AH77: PF | AI77: PM; MoC; OLC | AJ77: Sí | AK77: output_candidate | AL77: La salida/receptor debe corresponder a entrega real de la actividad. | AM77: PM↔PF; MoC↔PF; PF↔OLC | AN77: Sí | AO77: S1; S2; S3*; canal algedónico | AP77: S1 | S2 | S3* | S3 | algedonic_channel | AQ77: No directo | AR77: preparación; no diagnóstico | AS77: media | AT77: SCR / EvidenceBundle | AU77: ReviewNote / non_blocking_flag | AV77: explicitly_carried_forward if unresolved | AW77: Sin frecuencia, el handoff pierde ritmo operativo. | AX77: e3625c44ff90eafecd2742471100f9e21ff2b5df76351cf06f40cec42067bc8c
A78: 0.1.0 | B78: 1.0 | C78: B3_3_10 | D78: C1B3-010 | E78: 3 | F78: 10 | G78: 3.10 | H78: Bloque_3_Documento_Madre_Capa1_v2_1_EVE_rev3_alineado.docx | I78: Versión del documento: 0.2 rev3 alineada | Base estructural: Diseno_Formal_Capa1_v2_1_Unificado | Base de redacción operativa: Marco de Trabajo y Catálogo de Preguntas v2.1 - Bloque 3 (Salida) | Ajuste incorporado: integración completa de 3.13a y 3.D | J78: Fuente canónica de nodos | K78: Fuente final aprobada | L78: 12 | M78: active | N78: base_question | O78: base | P78: salida_handoff | Q78: ¿Hay momentos en que lo que entregas no cumple lo esperado o no llega al receptor? | R78: Siempre | S78: ¿Hay momentos en que lo que entregas no cumple lo esperado o no llega al receptor? | T78: Siempre visible. | U78: Siempre obligatoria. | V78: delivery_exception_exists | W78: CR-B3-R9-receiver_feedback | X78: ruta_crítica | Y78: TRUE | Z78: CR-B3-R9-receiver_feedback | AA78: captured_user_evidence | AB78: captured_user_evidence | AC78: captured_user_evidence + canonical_derivation | AD78: captured_user_evidence | canonical_derivation | AE78: No aplica / captura directa | AF78: No inferir como captured_user_evidence; exigir confirmación si afecta ruta canónica. | AG78: Audit log requerido si se deriva, corrige, bloquea o modifica ruta crítica. | AH78: PF | AI78: PM; MoC; OLC | AJ78: Sí | AK78: handoff_candidate | AL78: La salida/receptor debe corresponder a entrega real de la actividad. | AM78: PM↔PF; MoC↔PF; PF↔OLC | AN78: Sí | AO78: S1; S2; S3*; canal algedónico | AP78: S1 | S2 | S3* | S3 | algedonic_channel | AQ78: No directo | AR78: preparación; no diagnóstico | AS78: bloqueante/ruta_crítica | AT78: SCR / EvidenceBundle | AU78: CanonicalRouteException | AV78: blocked_or_reentry_required | AW78: Si falta, el bloque queda ciego ante fallas reales de handoff. | AX78: 25ba50e52c5417d5d5ccd5d6eaf08c7c28a4bfc45148aafd1772816774b585ce
A79: 0.1.0 | B79: 1.0 | C79: B3_3_11 | D79: C1B3-011 | E79: 3 | F79: 11 | G79: 3.11 | H79: Bloque_3_Documento_Madre_Capa1_v2_1_EVE_rev3_alineado.docx | I79: Versión del documento: 0.2 rev3 alineada | Base estructural: Diseno_Formal_Capa1_v2_1_Unificado | Base de redacción operativa: Marco de Trabajo y Catálogo de Preguntas v2.1 - Bloque 3 (Salida) | Ajuste incorporado: integración completa de 3.13a y 3.D | J79: Fuente canónica de nodos | K79: Fuente final aprobada | L79: 13 | M79: active | N79: causal_probe | O79: causal_profunda | P79: salida_handoff | Q79: Si respondiste "Sí" en la pregunta anterior, ¿cuál es el problema típico? | R79: Si 3.10 indica falla | S79: Si respondiste "Sí" en la pregunta anterior, ¿cuál es el problema típico? | T79: Solo visible si 3.10 indica falla. | U79: Obligatoria si 3.10 indica falla. | V79: delivery_exception_type | X79: normal | Y79: FALSE | AA79: captured_user_evidence | AB79: captured_user_evidence | AC79: captured_user_evidence | AD79: captured_user_evidence | AE79: No aplica / captura directa | AF79: No inferir como captured_user_evidence; exigir confirmación si afecta ruta canónica. | AG79: Audit log requerido si se deriva, corrige, bloquea o modifica ruta crítica. | AH79: PF | AI79: PM; MoC; OLC | AJ79: Sí | AK79: delivery_quality_candidate | AL79: La salida/receptor debe corresponder a entrega real de la actividad. | AM79: PF↔OLC; MoC↔PF | AN79: Sí | AO79: S1; S2; S3*; canal algedónico | AP79: S1 | S2 | S3* | S3 | algedonic_channel | AQ79: No directo | AR79: preparación; no diagnóstico | AS79: alta | AT79: SCR; EvidenceBundle; MDSB; Inventory/Registry candidates | AU79: GapObject / EvidenceInsufficiency | AV79: explicitly_carried_forward if unresolved | AW79: Sin tipo de problema, la excepción queda demasiado abstracta. | AX79: 5e6099c09214b5a5151baeb706ec72f7459c873c45776ca36b5378986cc94ea3
A80: 0.1.0 | B80: 1.0 | C80: B3_3_12 | D80: C1B3-012 | E80: 3 | F80: 12 | G80: 3.12 | H80: Bloque_3_Documento_Madre_Capa1_v2_1_EVE_rev3_alineado.docx | I80: Versión del documento: 0.2 rev3 alineada | Base estructural: Diseno_Formal_Capa1_v2_1_Unificado | Base de redacción operativa: Marco de Trabajo y Catálogo de Preguntas v2.1 - Bloque 3 (Salida) | Ajuste incorporado: integración completa de 3.13a y 3.D | J80: Fuente canónica de nodos | K80: Fuente final aprobada | L80: 14 | M80: active | N80: causal_probe | O80: causal_profunda | P80: salida_handoff | Q80: Cuando esto ocurre, ¿cuál es el impacto en el receptor? ¿Qué tiene que hacer para compensar? | R80: Si 3.10 indica falla | S80: Cuando esto ocurre, ¿cuál es el impacto en el receptor? ¿Qué tiene que hacer para compensar? | T80: Solo visible si 3.10 indica falla. | U80: Obligatoria si 3.10 indica falla. | V80: delivery_exception_impact | X80: normal | Y80: FALSE | AA80: captured_user_evidence | AB80: captured_user_evidence | AC80: captured_user_evidence | AD80: captured_user_evidence | AE80: No aplica / captura directa | AF80: No inferir como captured_user_evidence; exigir confirmación si afecta ruta canónica. | AG80: Audit log requerido si se deriva, corrige, bloquea o modifica ruta crítica. | AH80: PF | AI80: PM; MoC; OLC | AJ80: Sí | AK80: handoff_candidate | AL80: La salida/receptor debe corresponder a entrega real de la actividad. | AM80: PM↔PF; MoC↔PF; PF↔OLC | AN80: Sí | AO80: S1; S2; S3*; canal algedónico | AP80: S1 | S2 | S3* | S3 | algedonic_channel | AQ80: No directo | AR80: preparación; no diagnóstico | AS80: alta | AT80: SCR / EvidenceBundle | AU80: GapObject / EvidenceInsufficiency | AV80: explicitly_carried_forward if unresolved | AW80: Sin impacto, la falla existe pero no se entiende qué rompe ni quién absorbe la variedad. | AX80: 21e9f80b4866d4e29411ec350c32c0b85232d9f42b3f11d7c1639bae5e60461d
A81: 0.1.0 | B81: 1.0 | C81: B3_3_13 | D81: C1B3-013 | E81: 3 | F81: 13 | G81: 3.13 | H81: Bloque_3_Documento_Madre_Capa1_v2_1_EVE_rev3_alineado.docx | I81: Versión del documento: 0.2 rev3 alineada | Base estructural: Diseno_Formal_Capa1_v2_1_Unificado | Base de redacción operativa: Marco de Trabajo y Catálogo de Preguntas v2.1 - Bloque 3 (Salida) | Ajuste incorporado: integración completa de 3.13a y 3.D | J81: Fuente canónica de nodos | K81: Fuente final aprobada | L81: 15 | M81: active | N81: base_question | O81: base | P81: salida_handoff | Q81: En general, cuando entregas esto, ¿qué respuesta recibes normalmente del receptor? | R81: Siempre | S81: En general, cuando entregas esto, ¿el receptor lo acepta, pide ajustes menores, solicita correcciones o lo rechaza/devuelve? | T81: Siempre visible. | U81: Siempre obligatoria. | V81: receiver_satisfaction | W81: CR-B3-R9-receiver_feedback | X81: ruta_crítica | Y81: TRUE | Z81: CR-B3-R9-receiver_feedback | AA81: captured_user_evidence | AB81: captured_user_evidence | AC81: captured_user_evidence | AD81: captured_user_evidence | AE81: No aplica / captura directa | AF81: No inferir como captured_user_evidence; exigir confirmación si afecta ruta canónica. | AG81: Audit log requerido si se deriva, corrige, bloquea o modifica ruta crítica. | AH81: PF | AI81: PM; MoC; OLC | AJ81: Sí | AK81: handoff_candidate | AL81: La salida/receptor debe corresponder a entrega real de la actividad. | AM81: PM↔PF; MoC↔PF; PF↔OLC | AN81: Sí | AO81: S1; S2; S3*; canal algedónico | AP81: S1 | S2 | S3* | S3 | algedonic_channel | AQ81: No directo | AR81: preparación; no diagnóstico | AS81: bloqueante/ruta_crítica | AT81: SCR / EvidenceBundle | AU81: CanonicalRouteException | AV81: blocked_or_reentry_required | AW81: Sin esta señal, se pierde la aceptación o evaluación general del receptor, pero no debe usarse como sustituto de feedback operativo. | AX81: 6d90b07189665e77ab0a5ce83b15dd83f73b2570f7151bdbe23f0463ed6374d5
A82: 0.1.0 | B82: 1.0 | C82: B3_3_13a | D82: C1B3-014 | E82: 3 | F82: 14 | G82: 3.13a | H82: Bloque_3_Documento_Madre_Capa1_v2_1_EVE_rev3_alineado.docx | I82: Versión del documento: 0.2 rev3 alineada | Base estructural: Diseno_Formal_Capa1_v2_1_Unificado | Base de redacción operativa: Marco de Trabajo y Catálogo de Preguntas v2.1 - Bloque 3 (Salida) | Ajuste incorporado: integración completa de 3.13a y 3.D | J82: Fuente canónica de nodos | K82: Fuente final aprobada | L82: 16 | M82: active | N82: causal_probe | O82: causal_profunda | P82: salida_handoff | Q82: Cuando lo que entregas llega incompleto, duplicado, tarde, con error o no coincide con lo esperado, ¿cómo te enteras o qué hace el receptor para avisarlo? | R82: Si 3.10 indica falla de entrega o si 3.13 muestra rechazo, devolución o corrección que requiere ruta de feedback | S82: Cuando lo que entregas llega incompleto, duplicado, tarde, con error o no coincide con lo esperado, ¿cómo te enteras o qué hace el receptor para avisarlo? | T82: Visible si 3.10 indica que la entrega falla, llega incompleta, llega tarde, llega duplicada, no cumple criterios, genera corrección o requiere compensación del receptor. También visible si 3.13 contiene una señal de rechazo/devolución/corrección que no puede quedar absorbida por receiver_satisfaction. | U82: Obligatoria si 3.10 indica falla de entrega, entrega incompleta, duplicada, tardía, incorrecta, no conforme o que requiere corrección. También debe abrirse si 3.13 muestra rechazo/devolución/corrección que no tiene ruta de feedback operativo. | V82: receiver_feedback; receiver_feedback_exists | W82: CR-B3-R9-receiver_feedback | X82: ruta_crítica | Y82: TRUE | Z82: CR-B3-R9-receiver_feedback | AA82: captured_user_evidence + canonical_derivation | AB82: captured_user_evidence | canonical_derivation | AC82: captured_user_evidence para receiver_feedback; canonical_derivation para receiver_feedback_exists | AD82: captured_user_evidence | canonical_derivation | AE82: No aplica / captura directa | AF82: No inferir como captured_user_evidence; exigir confirmación si afecta ruta canónica. | AG82: Audit log requerido si se deriva, corrige, bloquea o modifica ruta crítica. | AH82: PF | AI82: PM; MoC; OLC | AJ82: Sí | AK82: receiver_feedback_candidate | AL82: El feedback debe ser señal operativa del receptor, no satisfacción subjetiva. | AM82: PF↔OLC; PM↔PF | AN82: Sí | AO82: S1; S2; S3*; canal algedónico | AP82: S1 | S2 | S3* | S3 | algedonic_channel | AQ82: No directo | AR82: preparación; no diagnóstico | AS82: bloqueante/ruta_crítica | AT82: SCR; OperationalExceptionEvidence; EvidenceBundle; MDSB; Inventory/Registry PF/OLC | AU82: CanonicalRouteException | AV82: blocked_or_reentry_required | AW82: Si hay falla de entrega pero no se captura feedback operativo, el sistema puede confundir satisfacción con aviso operativo, perder el evento de rebote y bloquear la producción paralela por contradicción aparente. | AX82: 8076d0f03cb4b122f476c152b1d654d054d76686c9a0b5492386c693d70a9496
A83: 0.1.0 | B83: 1.0 | C83: B3_3_14 | D83: C1B3-015 | E83: 3 | F83: 15 | G83: 3.14 | H83: Bloque_3_Documento_Madre_Capa1_v2_1_EVE_rev3_alineado.docx | I83: Versión del documento: 0.2 rev3 alineada | Base estructural: Diseno_Formal_Capa1_v2_1_Unificado | Base de redacción operativa: Marco de Trabajo y Catálogo de Preguntas v2.1 - Bloque 3 (Salida) | Ajuste incorporado: integración completa de 3.13a y 3.D | J83: Fuente canónica de nodos | K83: Fuente final aprobada | L83: 19 | M83: active | N83: base_question | O83: base | P83: salida_handoff | Q83: ¿Ha cambiado algo recientemente en cómo entregas, a quién entregas o qué criterios se esperan? | R83: Siempre | S83: ¿Ha cambiado algo recientemente en cómo entregas, a quién entregas o qué criterios se esperan? | T83: Siempre visible al cierre del bloque. | U83: Siempre obligatoria. | V83: recent_delivery_changes | X83: normal | Y83: FALSE | AA83: captured_user_evidence | AB83: captured_user_evidence | AC83: captured_user_evidence | AD83: captured_user_evidence | AE83: No aplica / captura directa | AF83: No inferir como captured_user_evidence; exigir confirmación si afecta ruta canónica. | AG83: Audit log requerido si se deriva, corrige, bloquea o modifica ruta crítica. | AH83: PF | AI83: PM; MoC; OLC | AJ83: Sí | AK83: output_candidate | AL83: La salida/receptor debe corresponder a entrega real de la actividad. | AM83: PM↔PF; MoC↔PF; PF↔OLC | AN83: Sí | AO83: S1; S2; S3*; canal algedónico | AP83: S1 | S2 | S3* | S3 | algedonic_channel | AQ83: No directo | AR83: preparación; no diagnóstico | AS83: alta | AT83: SCR / EvidenceBundle | AU83: GapObject / EvidenceInsufficiency | AV83: explicitly_carried_forward if unresolved | AW83: Sin esta respuesta se pierde señal de cambio reciente en el entorno de entrega. | AX83: 8b7f10e4897d8b6ab6561753b7ede077edd06403dfa7c0fb3c4a8a3263c9192f
A84: 0.1.0 | B84: 1.0 | C84: B3_3_A | D84: C1B3-016 | E84: 3 | F84: 16 | G84: 3.A | H84: Bloque_3_Documento_Madre_Capa1_v2_1_EVE_rev3_alineado.docx | I84: Versión del documento: 0.2 rev3 alineada | Base estructural: Diseno_Formal_Capa1_v2_1_Unificado | Base de redacción operativa: Marco de Trabajo y Catálogo de Preguntas v2.1 - Bloque 3 (Salida) | Ajuste incorporado: integración completa de 3.13a y 3.D | J84: Fuente canónica de nodos | K84: Fuente final aprobada | L84: 20 | M84: active | N84: clarification_node | O84: aclaracion | P84: salida_handoff | Q84: Aclaración sobre receptor inmediato cuando 3.2 quedó múltiple, genérico o mal delimitado. | R84: Por flag en 3.2/3.3 | S84: Mencionaste un receptor inmediato, pero todavía no queda claro quién recibe primero ni quién solo tiene acceso después. ¿Quién es el primer receptor real de la entrega? | T84: Solo por flag. | U84: Solo si el motor detecta ambigüedad. | V84: primary_receiver_clarification | X84: normal | Y84: FALSE | AA84: clarification | AB84: clarification | AC84: clarification | AD84: clarification | AE84: No aplica / captura directa | AF84: No inferir como captured_user_evidence; exigir confirmación si afecta ruta canónica. | AG84: Audit log requerido si se deriva, corrige, bloquea o modifica ruta crítica. | AH84: PF | AI84: PM; MoC; OLC | AJ84: Sí | AK84: handoff_candidate | AL84: La salida/receptor debe corresponder a entrega real de la actividad. | AM84: PM↔PF; MoC↔PF; PF↔OLC | AN84: Sí | AO84: S1; S2; S3*; canal algedónico | AP84: S1 | S2 | S3* | S3 | algedonic_channel | AQ84: No directo | AR84: preparación; no diagnóstico | AS84: media | AT84: SCR / EvidenceBundle | AU84: ReviewNote / non_blocking_flag | AV84: explicitly_carried_forward if unresolved | AW84: Sin esta aclaración, el receptor inmediato puede quedar mal identificado. | AX84: 44ff75d30d69ebc71067ad42f596c2ceae5dc336b50f388346d6a9e75123004a
A85: 0.1.0 | B85: 1.0 | C85: B3_3_B | D85: C1B3-017 | E85: 3 | F85: 17 | G85: 3.B | H85: Bloque_3_Documento_Madre_Capa1_v2_1_EVE_rev3_alineado.docx | I85: Versión del documento: 0.2 rev3 alineada | Base estructural: Diseno_Formal_Capa1_v2_1_Unificado | Base de redacción operativa: Marco de Trabajo y Catálogo de Preguntas v2.1 - Bloque 3 (Salida) | Ajuste incorporado: integración completa de 3.13a y 3.D | J85: Fuente canónica de nodos | K85: Fuente final aprobada | L85: 21 | M85: active | N85: clarification_node | O85: aclaracion | P85: salida_handoff | Q85: Aclaración sobre calidad esperada cuando 3.7 quedó demasiado genérica o inconsistente con 3.13. | R85: Por flag en 3.7/3.13 | S85: Los criterios de calidad todavía se oyen muy generales. ¿Qué tendría que faltar o salir mal para que el receptor diga que esto no está bien entregado? | T85: Solo por flag. | U85: Solo si el motor detecta genericidad o inconsistencia. | V85: quality_criteria_clarification | X85: normal | Y85: FALSE | AA85: clarification | AB85: clarification | AC85: clarification | AD85: clarification | AE85: No aplica / captura directa | AF85: No inferir como captured_user_evidence; exigir confirmación si afecta ruta canónica. | AG85: Audit log requerido si se deriva, corrige, bloquea o modifica ruta crítica. | AH85: PF | AI85: PM; MoC; OLC | AJ85: Sí | AK85: handoff_candidate | AL85: La salida/receptor debe corresponder a entrega real de la actividad. | AM85: PM↔PF; MoC↔PF; PF↔OLC | AN85: Sí | AO85: S1; S2; S3*; canal algedónico | AP85: S1 | S2 | S3* | S3 | algedonic_channel | AQ85: No directo | AR85: preparación; no diagnóstico | AS85: media | AT85: SCR / EvidenceBundle | AU85: ReviewNote / non_blocking_flag | AV85: explicitly_carried_forward if unresolved | AW85: Sin esta aclaración, la calidad queda normativa pero no operativa. | AX85: bc85cecfb015f84bd6aff74fb1b727f04d3c9d0c06b9af8b320f3fd317f023f9
A86: 0.1.0 | B86: 1.0 | C86: B3_3_C | D86: C1B3-018 | E86: 3 | F86: 18 | G86: 3.C | H86: Bloque_3_Documento_Madre_Capa1_v2_1_EVE_rev3_alineado.docx | I86: Versión del documento: 0.2 rev3 alineada | Base estructural: Diseno_Formal_Capa1_v2_1_Unificado | Base de redacción operativa: Marco de Trabajo y Catálogo de Preguntas v2.1 - Bloque 3 (Salida) | Ajuste incorporado: integración completa de 3.13a y 3.D | J86: Fuente canónica de nodos | K86: Fuente final aprobada | L86: 22 | M86: active | N86: clarification_node | O86: aclaracion | P86: salida_handoff | Q86: Aclaración sobre excepción e impacto cuando 3.10–3.12 no permiten reconstruir qué se rompe ni quién compensa. | R86: Por flag en 3.10–3.12 | S86: Ya sabemos que la entrega falla a veces, pero todavía no se entiende bien qué se rompe ni quién compensa. ¿Qué hace exactamente el receptor cuando eso ocurre? | T86: Solo por flag. | U86: Solo si las excepciones quedaron insuficientemente descritas. | V86: delivery_exception_clarification | X86: normal | Y86: FALSE | AA86: clarification | AB86: clarification | AC86: clarification | AD86: clarification | AE86: No aplica / captura directa | AF86: No inferir como captured_user_evidence; exigir confirmación si afecta ruta canónica. | AG86: Audit log requerido si se deriva, corrige, bloquea o modifica ruta crítica. | AH86: PF | AI86: PM; MoC; OLC | AJ86: Sí | AK86: handoff_candidate | AL86: La salida/receptor debe corresponder a entrega real de la actividad. | AM86: PM↔PF; MoC↔PF; PF↔OLC | AN86: Sí | AO86: S1; S2; S3*; canal algedónico | AP86: S1 | S2 | S3* | S3 | algedonic_channel | AQ86: No directo | AR86: preparación; no diagnóstico | AS86: alta | AT86: SCR / EvidenceBundle | AU86: GapObject / EvidenceInsufficiency | AV86: explicitly_carried_forward if unresolved | AW86: Sin esta aclaración, la falla existe pero la compensación real queda opaca. | AX86: 1668018f192efd8be2fe78d7c6174cc21243faa1fe13f1a5ea5bb3668cbeb449
A87: 0.1.0 | B87: 1.0 | C87: B3_3_D | D87: C1B3-019 | E87: 3 | F87: 19 | G87: 3.D | H87: Bloque_3_Documento_Madre_Capa1_v2_1_EVE_rev3_alineado.docx | I87: Versión del documento: 0.2 rev3 alineada | Base estructural: Diseno_Formal_Capa1_v2_1_Unificado | Base de redacción operativa: Marco de Trabajo y Catálogo de Preguntas v2.1 - Bloque 3 (Salida) | Ajuste incorporado: integración completa de 3.13a y 3.D | J87: Fuente canónica de nodos | K87: Fuente final aprobada | L87: 23 | M87: active | N87: clarification_node | O87: aclaracion | P87: salida_handoff | Q87: Aclaración sobre diferencia entre satisfacción del receptor y aviso operativo cuando 3.13a no permite cerrar receiver_feedback. | R87: Por flag en 3.13a o por mezcla entre satisfacción e indicios de feedback operativo | S87: ¿El receptor solo queda insatisfecho o además avisa, rechaza, devuelve, corrige, pide cambio o detiene el siguiente paso? ¿Cómo se ve eso en la operación? | T87: Visible si 3.10 indica falla de entrega y 3.13a está vacía, genérica o responde solo satisfacción/insatisfacción sin indicar si el receptor avisa, devuelve, corrige, bloquea, recontacta o pide cambio. | U87: Obligatoria si se activa por ambigüedad en 3.13a. | V87: receiver_feedback; receiver_feedback_exists; receiver_feedback_gap_flag | W87: CR-B3-R9-receiver_feedback | X87: ruta_crítica | Y87: TRUE | Z87: CR-B3-R9-receiver_feedback | AA87: clarification + canonical_derivation | AB87: canonical_derivation | clarification | AC87: clarification | AD87: clarification | AE87: No aplica / captura directa | AF87: No inferir como captured_user_evidence; exigir confirmación si afecta ruta canónica. | AG87: Audit log requerido si se deriva, corrige, bloquea o modifica ruta crítica. | AH87: PF | AI87: PM; MoC; OLC | AJ87: Sí | AK87: receiver_feedback_candidate | AL87: El feedback debe ser señal operativa del receptor, no satisfacción subjetiva. | AM87: PF↔OLC; PM↔PF | AN87: Sí | AO87: S1; S2; S3*; canal algedónico | AP87: S1 | S2 | S3* | S3 | algedonic_channel | AQ87: No directo | AR87: preparación; no diagnóstico | AS87: alta | AT87: SCR; OperationalExceptionEvidence; EvidenceBundle; MDSB; Inventory/Registry PF/OLC | AU87: CanonicalRouteException | AV87: explicitly_carried_forward if unresolved | AW87: Sin esta aclaración, el sistema puede dejar sin resolver la diferencia entre satisfacción del receptor y feedback operativo del receptor. | AX87: da4158cf3e3c13680e0d89e67905bdad102fe6757ff2f64e02d30170ee978bb7
A88: 0.1.0 | B88: 1.0 | C88: B4_4_1 | D88: C1B4-001 | E88: 4 | F88: 1 | G88: 4.1 | H88: Bloque_4_Documento_Madre_Capa1_v2_1_EVE.docx | I88: Diseño detallado para continuación acoplable posterior al Bloque 3, conexión con Codex, catálogo operativo, reglas de despliegue UI, persistencia, derivaciones y transducción posterior. Versión del documento: 0.1 de trabajo | Base estructural: Diseno | J88: Fuente canónica de nodos | K88: Fuente final aprobada | L88: 3 | M88: active | N88: base_question | O88: base | P88: flujo_causal | Q88: Antes de poder iniciar esta actividad, ¿qué TIENE que haber ocurrido o qué insumo TIENE que estar listo? | R88: Siempre | S88: Antes de poder iniciar esta actividad, ¿qué TIENE que haber ocurrido o qué insumo TIENE que estar listo? | T88: Siempre visible al iniciar el bloque. | U88: Obligatoria. | V88: dependency_previous | X88: normal | Y88: FALSE | AA88: captured_user_evidence | AB88: captured_user_evidence | AC88: captured_user_evidence | AD88: captured_user_evidence | AE88: No aplica / captura directa | AF88: No inferir como captured_user_evidence; exigir confirmación si afecta ruta canónica. | AG88: Audit log requerido si se deriva, corrige, bloquea o modifica ruta crítica. | AH88: PF | AI88: OLC; PM | AJ88: Sí | AK88: process_flow_candidate | AL88: El flujo debe representar secuencia vivida, no procedimiento ideal. | AM88: PM↔PF; PF↔OLC; MoC↔PF | AN88: Sí | AO88: S1; S2; S3*; canal algedónico | AP88: S1 | S2 | S3* | S3 | algedonic_channel | AQ88: Condicional | AR88: preparación; no diagnóstico | AS88: media | AT88: SCR; EvidenceBundle; MDSB; Inventory/Registry PF/OLC; IR | AU88: ReviewNote / non_blocking_flag | AV88: explicitly_carried_forward if unresolved | AW88: Sin dependencia previa crítica el inicio del flujo queda abstraído y se empobrece la causalidad procesal. | AX88: fa3365398a80b6d4a3653735808675cf9d684d7771f0481b14bca2cf8b26c368
A89: 0.1.0 | B89: 1.0 | C89: B4_4_2 | D89: C1B4-002 | E89: 4 | F89: 2 | G89: 4.2 | H89: Bloque_4_Documento_Madre_Capa1_v2_1_EVE.docx | I89: Diseño detallado para continuación acoplable posterior al Bloque 3, conexión con Codex, catálogo operativo, reglas de despliegue UI, persistencia, derivaciones y transducción posterior. Versión del documento: 0.1 de trabajo | Base estructural: Diseno | J89: Fuente canónica de nodos | K89: Fuente final aprobada | L89: 4 | M89: active | N89: base_question | O89: base | P89: flujo_causal | Q89: Si esta actividad no se terminara hoy, ¿quién o qué quedaría detenido o no podría avanzar? | R89: Siempre | S89: Si esta actividad no se terminara hoy, ¿quién o qué quedaría detenido o no podría avanzar? | T89: Siempre. | U89: Obligatoria. | V89: dependency_next | X89: normal | Y89: FALSE | AA89: captured_user_evidence | AB89: captured_user_evidence | AC89: captured_user_evidence | AD89: captured_user_evidence | AE89: No aplica / captura directa | AF89: No inferir como captured_user_evidence; exigir confirmación si afecta ruta canónica. | AG89: Audit log requerido si se deriva, corrige, bloquea o modifica ruta crítica. | AH89: PF | AI89: OLC; PM | AJ89: Sí | AK89: process_flow_candidate | AL89: El flujo debe representar secuencia vivida, no procedimiento ideal. | AM89: PM↔PF; PF↔OLC; MoC↔PF | AN89: Sí | AO89: S1; S2; S3*; canal algedónico | AP89: S1 | S2 | S3* | S3 | algedonic_channel | AQ89: Condicional | AR89: preparación; no diagnóstico | AS89: media | AT89: SCR; EvidenceBundle; MDSB; Inventory/Registry PF/OLC; IR | AU89: ReviewNote / non_blocking_flag | AV89: explicitly_carried_forward if unresolved | AW89: Sin dependencia posterior el flujo pierde dirección y el atraso queda sin consecuencias observables. | AX89: b89e76734f0141e937131d442b21beb71b57855d36c43b796e5e1b932b3fb16b
A90: 0.1.0 | B90: 1.0 | C90: B4_4_3 | D90: C1B4-003 | E90: 4 | F90: 3 | G90: 4.3 | H90: Bloque_4_Documento_Madre_Capa1_v2_1_EVE.docx | I90: Diseño detallado para continuación acoplable posterior al Bloque 3, conexión con Codex, catálogo operativo, reglas de despliegue UI, persistencia, derivaciones y transducción posterior. Versión del documento: 0.1 de trabajo | Base estructural: Diseno | J90: Fuente canónica de nodos | K90: Fuente final aprobada | L90: 5 | M90: active | N90: base_question | O90: base | P90: flujo_causal | Q90: En la realidad, ¿cuánto tiempo típicamente PASA entre que terminas esta actividad y que el siguiente paso puede iniciarse? | R90: Siempre | S90: En la realidad, ¿cuánto tiempo típicamente PASA entre que terminas esta actividad y que el siguiente paso puede iniciarse? | T90: Siempre. | U90: Obligatoria. | V90: wait_time | X90: normal | Y90: FALSE | AA90: captured_user_evidence | AB90: captured_user_evidence | AC90: captured_user_evidence | AD90: captured_user_evidence | AE90: No aplica / captura directa | AF90: No inferir como captured_user_evidence; exigir confirmación si afecta ruta canónica. | AG90: Audit log requerido si se deriva, corrige, bloquea o modifica ruta crítica. | AH90: PF | AI90: OLC; PM | AJ90: Sí | AK90: process_flow_candidate | AL90: El flujo debe representar secuencia vivida, no procedimiento ideal. | AM90: PM↔PF; PF↔OLC; MoC↔PF | AN90: Sí | AO90: S1; S2; S3*; canal algedónico | AP90: S1 | S2 | S3* | S3 | algedonic_channel | AQ90: Condicional | AR90: preparación; no diagnóstico | AS90: media | AT90: SCR; EvidenceBundle; MDSB; Inventory/Registry PF/OLC; IR | AU90: ReviewNote / non_blocking_flag | AV90: explicitly_carried_forward if unresolved | AW90: Sin espera típica se pierde el espesor temporal del flujo. | AX90: 2bd15d7a6fb37ae7c954e478b46fdb26ad83814445a0a1b21cf4c9a6c59760b4
A91: 0.1.0 | B91: 1.0 | C91: B4_4_4 | D91: C1B4-004 | E91: 4 | F91: 4 | G91: 4.4 | H91: Bloque_4_Documento_Madre_Capa1_v2_1_EVE.docx | I91: Diseño detallado para continuación acoplable posterior al Bloque 3, conexión con Codex, catálogo operativo, reglas de despliegue UI, persistencia, derivaciones y transducción posterior. Versión del documento: 0.1 de trabajo | Base estructural: Diseno | J91: Fuente canónica de nodos | K91: Fuente final aprobada | L91: 6 | M91: active | N91: base_question | O91: base | P91: flujo_causal | Q91: ¿Hay un momento específico (fecha, hora, día de la semana, frecuencia) que gatilla que esta actividad DEBA iniciarse? | R91: Siempre | S91: ¿Hay un momento específico (fecha, hora, día de la semana, frecuencia) que gatilla que esta actividad DEBA iniciarse? | T91: Siempre. | U91: Obligatoria. | V91: time_event | X91: normal | Y91: FALSE | AA91: captured_user_evidence | AB91: captured_user_evidence | AC91: captured_user_evidence | AD91: captured_user_evidence | AE91: No aplica / captura directa | AF91: No inferir como captured_user_evidence; exigir confirmación si afecta ruta canónica. | AG91: Audit log requerido si se deriva, corrige, bloquea o modifica ruta crítica. | AH91: PF | AI91: OLC; PM | AJ91: Sí | AK91: process_flow_candidate | AL91: El flujo debe representar secuencia vivida, no procedimiento ideal. | AM91: PM↔PF; PF↔OLC; MoC↔PF | AN91: Sí | AO91: S1; S2; S3*; canal algedónico | AP91: S1 | S2 | S3* | S3 | algedonic_channel | AQ91: Condicional | AR91: preparación; no diagnóstico | AS91: media | AT91: SCR; EvidenceBundle; MDSB; Inventory/Registry PF/OLC; IR | AU91: ReviewNote / non_blocking_flag | AV91: explicitly_carried_forward if unresolved | AW91: Sin evento de tiempo no se distingue bien si el flujo depende de insumo, agenda o timer. | AX91: 88adea81e38f20dd72360f0cac8218a13512c1a0d2f1c311ccf35f21f38caa9d
A92: 0.1.0 | B92: 1.0 | C92: B4_4_5 | D92: C1B4-005 | E92: 4 | F92: 5 | G92: 4.5 | H92: Bloque_4_Documento_Madre_Capa1_v2_1_EVE.docx | I92: Diseño detallado para continuación acoplable posterior al Bloque 3, conexión con Codex, catálogo operativo, reglas de despliegue UI, persistencia, derivaciones y transducción posterior. Versión del documento: 0.1 de trabajo | Base estructural: Diseno | J92: Fuente canónica de nodos | K92: Fuente final aprobada | L92: 7 | M92: active | N92: base_question | O92: base | P92: flujo_causal | Q92: ¿Hay un escenario donde esta actividad podría quedarse BLOQUEADA esperando algo que nunca llega o que se olvidan de enviar? | R92: Siempre | S92: ¿Hay un escenario donde esta actividad podría quedarse BLOQUEADA esperando algo que nunca llega o que se olvidan de enviar? | T92: Siempre. | U92: Obligatoria. | V92: deadlock_risk | X92: normal | Y92: FALSE | AA92: captured_user_evidence | AB92: captured_user_evidence | AC92: captured_user_evidence | AD92: captured_user_evidence | AE92: No aplica / captura directa | AF92: No inferir como captured_user_evidence; exigir confirmación si afecta ruta canónica. | AG92: Audit log requerido si se deriva, corrige, bloquea o modifica ruta crítica. | AH92: PF | AI92: OLC; PM | AJ92: Sí | AK92: process_state_or_blocker_candidate | AL92: El flujo debe representar secuencia vivida, no procedimiento ideal. | AM92: PM↔PF; PF↔OLC; MoC↔PF | AN92: Sí | AO92: S1; S2; S3*; canal algedónico | AP92: S1 | S2 | S3* | S3 | algedonic_channel | AQ92: Condicional | AR92: preparación; no diagnóstico | AS92: alta | AT92: SCR; EvidenceBundle; MDSB; Inventory/Registry PF/OLC; IR | AU92: GapObject / EvidenceInsufficiency | AV92: explicitly_carried_forward if unresolved | AW92: Sin deadlock potencial el flujo puede parecer más sano de lo que realmente es. | AX92: 26da6a4352b937fc93b1640c04cf923ea151ef3285a5b6112eb8924ffb5f6908
A93: 0.1.0 | B93: 1.0 | C93: B4_4_5b | D93: C1B4-006 | E93: 4 | F93: 6 | G93: 4.5b | H93: Bloque_4_Documento_Madre_Capa1_v2_1_EVE.docx | I93: Diseño detallado para continuación acoplable posterior al Bloque 3, conexión con Codex, catálogo operativo, reglas de despliegue UI, persistencia, derivaciones y transducción posterior. Versión del documento: 0.1 de trabajo | Base estructural: Diseno | J93: Fuente canónica de nodos | K93: Fuente final aprobada | L93: 8 | M93: active | N93: causal_probe | O93: causal_profunda | P93: flujo_causal | Q93: Cuando esto ocurre, ¿quién típicamente lo resuelve? | R93: Si 4.5 indica bloqueo | S93: Cuando esto ocurre, ¿quién típicamente lo resuelve? | T93: Solo si 4.5 ≠ No. | U93: Obligatoria si 4.5 indica bloqueo. | V93: deadlock_resolution | X93: normal | Y93: FALSE | AA93: captured_user_evidence | AB93: captured_user_evidence | AC93: captured_user_evidence | AD93: captured_user_evidence | AE93: No aplica / captura directa | AF93: No inferir como captured_user_evidence; exigir confirmación si afecta ruta canónica. | AG93: Audit log requerido si se deriva, corrige, bloquea o modifica ruta crítica. | AH93: PF | AI93: OLC; PM | AJ93: Sí | AK93: process_flow_candidate | AL93: El flujo debe representar secuencia vivida, no procedimiento ideal. | AM93: PM↔PF; PF↔OLC; MoC↔PF | AN93: Sí | AO93: S1; S2; S3*; canal algedónico | AP93: S1 | S2 | S3* | S3 | algedonic_channel | AQ93: Condicional | AR93: preparación; no diagnóstico | AS93: media | AT93: SCR; EvidenceBundle; MDSB; Inventory/Registry PF/OLC; IR | AU93: ReviewNote / non_blocking_flag | AV93: explicitly_carried_forward if unresolved | AW93: Sin resolvedor del bloqueo se pierde la trazabilidad de quién absorbe la falla del flujo. | AX93: 1115daf2665baceb214dc6994459396075a5c406db2983b57deea4ec4f0ecf36
A94: 0.1.0 | B94: 1.0 | C94: B4_4_6 | D94: C1B4-007 | E94: 4 | F94: 7 | G94: 4.6 | H94: Bloque_4_Documento_Madre_Capa1_v2_1_EVE.docx | I94: Diseño detallado para continuación acoplable posterior al Bloque 3, conexión con Codex, catálogo operativo, reglas de despliegue UI, persistencia, derivaciones y transducción posterior. Versión del documento: 0.1 de trabajo | Base estructural: Diseno | J94: Fuente canónica de nodos | K94: Fuente final aprobada | L94: 9 | M94: active | N94: base_question | O94: base | P94: flujo_causal | Q94: ¿Esta actividad se repite múltiples veces en un ciclo? | R94: Siempre | S94: ¿Esta actividad se repite múltiples veces en un ciclo? | T94: Siempre. | U94: Obligatoria. | V94: iteration_pattern | X94: normal | Y94: FALSE | AA94: captured_user_evidence | AB94: captured_user_evidence | AC94: captured_user_evidence | AD94: captured_user_evidence | AE94: No aplica / captura directa | AF94: No inferir como captured_user_evidence; exigir confirmación si afecta ruta canónica. | AG94: Audit log requerido si se deriva, corrige, bloquea o modifica ruta crítica. | AH94: PF | AI94: OLC; PM | AJ94: Sí | AK94: loop_rework_candidate | AL94: El flujo debe representar secuencia vivida, no procedimiento ideal. | AM94: PM↔PF; PF↔OLC; MoC↔PF | AN94: Sí | AO94: S1; S2; S3*; canal algedónico | AP94: S1 | S2 | S3* | S3 | algedonic_channel | AQ94: Condicional | AR94: preparación; no diagnóstico | AS94: media | AT94: SCR; EvidenceBundle; MDSB; Inventory/Registry PF/OLC; IR | AU94: ReviewNote / non_blocking_flag | AV94: explicitly_carried_forward if unresolved | AW94: Sin iteración no se distingue un flujo lineal de uno recurrente o loteado. | AX94: e305ebd5f0c5f0473ea3084b921e1b51133446bb392aa54af1477fb72a2ba82b
A95: 0.1.0 | B95: 1.0 | C95: B4_4_6b | D95: C1B4-008 | E95: 4 | F95: 8 | G95: 4.6b | H95: Bloque_4_Documento_Madre_Capa1_v2_1_EVE.docx | I95: Diseño detallado para continuación acoplable posterior al Bloque 3, conexión con Codex, catálogo operativo, reglas de despliegue UI, persistencia, derivaciones y transducción posterior. Versión del documento: 0.1 de trabajo | Base estructural: Diseno | J95: Fuente canónica de nodos | K95: Fuente final aprobada | L95: 10 | M95: active | N95: conditional_question | O95: condicional | P95: flujo_causal | Q95: ¿Haces todas las repeticiones de una vez o las intercalas con otras actividades? | R95: Si 4.6 indica repetición | S95: ¿Haces todas las repeticiones de una vez o las intercalas con otras actividades? | T95: Solo si 4.6 ≠ una sola vez. | U95: Obligatoria si 4.6 indica repetición. | V95: iteration_batching_mode | X95: normal | Y95: FALSE | AA95: captured_user_evidence | AB95: captured_user_evidence | AC95: captured_user_evidence | AD95: captured_user_evidence | AE95: No aplica / captura directa | AF95: No inferir como captured_user_evidence; exigir confirmación si afecta ruta canónica. | AG95: Audit log requerido si se deriva, corrige, bloquea o modifica ruta crítica. | AH95: PF | AI95: OLC; PM | AJ95: Sí | AK95: process_flow_candidate | AL95: El flujo debe representar secuencia vivida, no procedimiento ideal. | AM95: PM↔PF; PF↔OLC; MoC↔PF | AN95: Sí | AO95: S1; S2; S3*; canal algedónico | AP95: S1 | S2 | S3* | S3 | algedonic_channel | AQ95: Condicional | AR95: preparación; no diagnóstico | AS95: media | AT95: SCR; EvidenceBundle; MDSB; Inventory/Registry PF/OLC; IR | AU95: ReviewNote / non_blocking_flag | AV95: explicitly_carried_forward if unresolved | AW95: Sin esta distinción se pierde una parte importante del patrón real de repetición. | AX95: 9766fdc54c4f601a18594ebede2b4a18486c692a72f52bf8f397554007c1ff37
A96: 0.1.0 | B96: 1.0 | C96: B4_4_7 | D96: C1B4-009 | E96: 4 | F96: 9 | G96: 4.7 | H96: Bloque_4_Documento_Madre_Capa1_v2_1_EVE.docx | I96: Diseño detallado para continuación acoplable posterior al Bloque 3, conexión con Codex, catálogo operativo, reglas de despliegue UI, persistencia, derivaciones y transducción posterior. Versión del documento: 0.1 de trabajo | Base estructural: Diseno | J96: Fuente canónica de nodos | K96: Fuente final aprobada | L96: 11 | M96: active | N96: base_question | O96: base | P96: flujo_causal | Q96: ¿Hay decisiones o puntos donde el proceso puede tomar DIFERENTES CAMINOS según la situación? | R96: Siempre | S96: ¿Hay decisiones o puntos donde el proceso puede tomar DIFERENTES CAMINOS según la situación? | T96: Siempre. | U96: Obligatoria. | V96: route_alternatives | X96: normal | Y96: FALSE | AA96: captured_user_evidence | AB96: captured_user_evidence | AC96: captured_user_evidence | AD96: captured_user_evidence | AE96: No aplica / captura directa | AF96: No inferir como captured_user_evidence; exigir confirmación si afecta ruta canónica. | AG96: Audit log requerido si se deriva, corrige, bloquea o modifica ruta crítica. | AH96: PF | AI96: OLC; PM | AJ96: Sí | AK96: route_or_gateway_candidate | AL96: El flujo debe representar secuencia vivida, no procedimiento ideal. | AM96: PM↔PF; PF↔OLC; MoC↔PF | AN96: Sí | AO96: S1; S2; S3*; canal algedónico | AP96: S1 | S2 | S3* | S3 | algedonic_channel | AQ96: Condicional | AR96: preparación; no diagnóstico | AS96: media | AT96: SCR; EvidenceBundle; MDSB; Inventory/Registry PF/OLC; IR | AU96: ReviewNote / non_blocking_flag | AV96: explicitly_carried_forward if unresolved | AW96: Sin rutas alternativas el flujo puede aplanarse artificialmente. | AX96: 26e0e0090e5d8d4db4894cc57abb809500b08012bde75de1836cf77cccbd6bad
A97: 0.1.0 | B97: 1.0 | C97: B4_4_7b | D97: C1B4-010 | E97: 4 | F97: 10 | G97: 4.7b | H97: Bloque_4_Documento_Madre_Capa1_v2_1_EVE.docx | I97: Diseño detallado para continuación acoplable posterior al Bloque 3, conexión con Codex, catálogo operativo, reglas de despliegue UI, persistencia, derivaciones y transducción posterior. Versión del documento: 0.1 de trabajo | Base estructural: Diseno | J97: Fuente canónica de nodos | K97: Fuente final aprobada | L97: 12 | M97: active | N97: causal_probe | O97: causal_profunda | P97: flujo_causal | Q97: ¿Cuántos caminos diferentes hay típicamente? | R97: Si 4.7 indica rutas alternativas | S97: ¿Cuántos caminos diferentes hay típicamente? | T97: Solo si 4.7 ≠ No, siempre es el mismo camino. | U97: Obligatoria si 4.7 indica caminos alternativos. | V97: route_alternative_count | X97: normal | Y97: FALSE | AA97: captured_user_evidence | AB97: captured_user_evidence | AC97: captured_user_evidence | AD97: captured_user_evidence | AE97: No aplica / captura directa | AF97: No inferir como captured_user_evidence; exigir confirmación si afecta ruta canónica. | AG97: Audit log requerido si se deriva, corrige, bloquea o modifica ruta crítica. | AH97: PF | AI97: OLC; PM | AJ97: Sí | AK97: route_or_gateway_candidate | AL97: El flujo debe representar secuencia vivida, no procedimiento ideal. | AM97: PM↔PF; PF↔OLC; MoC↔PF | AN97: Sí | AO97: S1; S2; S3*; canal algedónico | AP97: S1 | S2 | S3* | S3 | algedonic_channel | AQ97: Condicional | AR97: preparación; no diagnóstico | AS97: media | AT97: SCR; EvidenceBundle; MDSB; Inventory/Registry PF/OLC; IR | AU97: ReviewNote / non_blocking_flag | AV97: explicitly_carried_forward if unresolved | AW97: Sin cantidad de caminos, la alternativa queda cualitativa pero poco operativa. | AX97: abec6e3be0f0aa975877a0c5d4ac381f3620db9a5d216303760cc10856c18c2a
A98: 0.1.0 | B98: 1.0 | C98: B4_4_8 | D98: C1B4-011 | E98: 4 | F98: 11 | G98: 4.8 | H98: Bloque_4_Documento_Madre_Capa1_v2_1_EVE.docx | I98: Diseño detallado para continuación acoplable posterior al Bloque 3, conexión con Codex, catálogo operativo, reglas de despliegue UI, persistencia, derivaciones y transducción posterior. Versión del documento: 0.1 de trabajo | Base estructural: Diseno | J98: Fuente canónica de nodos | K98: Fuente final aprobada | L98: 13 | M98: active | N98: base_question | O98: base | P98: flujo_causal | Q98: Mientras tú estás haciendo esta actividad, ¿qué está pasando en paralelo? | R98: Siempre | S98: Mientras tú estás haciendo esta actividad, ¿qué está pasando en paralelo? | T98: Siempre. | U98: Obligatoria. | V98: parallelism_type | X98: normal | Y98: FALSE | AA98: captured_user_evidence | AB98: captured_user_evidence | AC98: captured_user_evidence | AD98: captured_user_evidence | AE98: No aplica / captura directa | AF98: No inferir como captured_user_evidence; exigir confirmación si afecta ruta canónica. | AG98: Audit log requerido si se deriva, corrige, bloquea o modifica ruta crítica. | AH98: PF | AI98: OLC; PM | AJ98: Sí | AK98: route_or_gateway_candidate | AL98: El flujo debe representar secuencia vivida, no procedimiento ideal. | AM98: PM↔PF; PF↔OLC; MoC↔PF | AN98: Sí | AO98: S1; S2; S3*; canal algedónico | AP98: S1 | S2 | S3* | S3 | algedonic_channel | AQ98: Condicional | AR98: preparación; no diagnóstico | AS98: media | AT98: SCR; EvidenceBundle; MDSB; Inventory/Registry PF/OLC; IR | AU98: ReviewNote / non_blocking_flag | AV98: explicitly_carried_forward if unresolved | AW98: Sin paralelismo se pierde una de las diferencias más finas entre proceso oficial y proceso vivo. | AX98: 90ce6cca83f50a53751cd3b4d7c326a75e60dce36d9ea8c6b026416113c66665
A99: 0.1.0 | B99: 1.0 | C99: B4_4_9 | D99: C1B4-012 | E99: 4 | F99: 12 | G99: 4.9 | H99: Bloque_4_Documento_Madre_Capa1_v2_1_EVE.docx | I99: Diseño detallado para continuación acoplable posterior al Bloque 3, conexión con Codex, catálogo operativo, reglas de despliegue UI, persistencia, derivaciones y transducción posterior. Versión del documento: 0.1 de trabajo | Base estructural: Diseno | J99: Fuente canónica de nodos | K99: Fuente final aprobada | L99: 14 | M99: active | N99: base_question | O99: base | P99: flujo_causal | Q99: ¿Hay pasos que TÚ haces pero que NO están "en el manual" o que "no deberían ser necesarios"? | R99: Siempre | S99: ¿Hay pasos que TÚ haces pero que NO están "en el manual" o que "no deberían ser necesarios"? | T99: Siempre. | U99: Obligatoria. | V99: hidden_subprocess | X99: normal | Y99: FALSE | AA99: captured_user_evidence | AB99: captured_user_evidence | AC99: captured_user_evidence | AD99: captured_user_evidence | AE99: No aplica / captura directa | AF99: No inferir como captured_user_evidence; exigir confirmación si afecta ruta canónica. | AG99: Audit log requerido si se deriva, corrige, bloquea o modifica ruta crítica. | AH99: PF | AI99: OLC; PM | AJ99: Sí | AK99: process_flow_candidate | AL99: El flujo debe representar secuencia vivida, no procedimiento ideal. | AM99: PM↔PF; PF↔OLC; MoC↔PF | AN99: Sí | AO99: S1; S2; S3*; canal algedónico | AP99: S1 | S2 | S3* | S3 | algedonic_channel | AQ99: Condicional | AR99: preparación; no diagnóstico | AS99: media | AT99: SCR; EvidenceBundle; MDSB; Inventory/Registry PF/OLC; IR | AU99: ReviewNote / non_blocking_flag | AV99: explicitly_carried_forward if unresolved | AW99: Sin pasos extra el flujo puede parecer más limpio de lo que realmente es. | AX99: c13e54bd7190495eb9b3083d9db616abbdbd7177a414fbea85b5659e231503b6
... A130: 0.1.0 | B130: 1.0 | C130: B6_6_2 | D130: C1B6-002 | E130: 6 | F130: 2 | G130: 6.2 | H130: Bloque_6_Documento_Madre_Capa1_v2_1_EVE_rev4_reconstruido.docx | I130: Versión del documento: 0.1 de trabajo | Base estructural: Diseno_Formal_Capa1_v2_1_Unificado | Base de redacción operativa: Marco de Trabajo y Catálogo de Preguntas v2.1 - Bloque 6 (Compensación Humana, Workaround y Variedad Residual). | Adecuación A | J130: Fuente canónica de nodos | K130: Fuente final aprobada | L130: 4 | M130: active | N130: base_question | O130: base | P130: compensacion_variedad_residual | Q130: ¿Hay trabajo que tengas que hacer más de una vez? ¿Hay algo que regresa, que hay que corregir, que no “pega” a la primera? | R130: Siempre | S130: ¿Hay trabajo que tengas que hacer más de una vez? ¿Hay algo que regresa, que hay que corregir, que no “pega” a la primera? | T130: Siempre visible. | U130: Siempre obligatoria. | V130: rework_present | X130: normal | Y130: FALSE | AA130: captured_user_evidence | AB130: captured_user_evidence | AC130: captured_user_evidence | AD130: captured_user_evidence | AE130: No aplica / captura directa | AF130: No inferir como captured_user_evidence; exigir confirmación si afecta ruta canónica. | AG130: Audit log requerido si se deriva, corrige, bloquea o modifica ruta crítica. | AH130: PF | AI130: OLC; Governance/Readiness; VSM/AHE Prep | AJ130: Condicional | AK130: rework_candidate | AL130: La compensación debe estar anclada en práctica observable, no juicio moral. | AM130: PF↔OLC; PM↔PF; conformance of real vs official process | AN130: Sí | AO130: S1; S2; S3; S3*; canal algedónico | AP130: S1 | S2 | S3* | S3 | algedonic_channel | AQ130: Sí | AR130: señal AHE solo si existe materialidad/compensación observable | AS130: alta | AT130: SCR; EvidenceBundle; MDSB; Inventory/Registry conditional; VSM/AHE prep | AU130: GapObject / EvidenceInsufficiency | AV130: explicitly_carried_forward if unresolved | AW130: Sin esta respuesta se pierde una de las señales más claras de loops y rebotes ocultos. | AX130: 8736555f0d21615a24d59b2410367df3bdad2cb524445299af10d821bbbcd860
A131: 0.1.0 | B131: 1.0 | C131: B6_6_2a | D131: C1B6-003 | E131: 6 | F131: 3 | G131: 6.2a | H131: Bloque_6_Documento_Madre_Capa1_v2_1_EVE_rev4_reconstruido.docx | I131: Versión del documento: 0.1 de trabajo | Base estructural: Diseno_Formal_Capa1_v2_1_Unificado | Base de redacción operativa: Marco de Trabajo y Catálogo de Preguntas v2.1 - Bloque 6 (Compensación Humana, Workaround y Variedad Residual). | Adecuación A | J131: Fuente canónica de nodos | K131: Fuente final aprobada | L131: 22 | M131: active | N131: conditional_question | O131: condicional | P131: compensacion_variedad_residual | Q131: ¿Qué es lo que regresa o hay que corregir? | R131: Si 6.2 = Sí | S131: ¿Qué es lo que regresa o hay que corregir? | T131: Si 6.2 = Sí | V131: rework_object_or_content | X131: normal | Y131: FALSE | AA131: captured_user_evidence | AB131: captured_user_evidence | AC131: captured_user_evidence | AD131: captured_user_evidence | AE131: No aplica / captura directa | AF131: No inferir como captured_user_evidence; exigir confirmación si afecta ruta canónica. | AG131: Audit log requerido si se deriva, corrige, bloquea o modifica ruta crítica. | AH131: PF | AI131: OLC; Governance/Readiness; VSM/AHE Prep | AJ131: Condicional | AK131: rework_candidate | AL131: La compensación debe estar anclada en práctica observable, no juicio moral. | AM131: PF↔OLC; PM↔PF; conformance of real vs official process | AN131: Sí | AO131: S1; S2; S3; S3*; canal algedónico | AP131: S1 | S2 | S3* | S3 | algedonic_channel | AQ131: Sí | AR131: señal AHE solo si existe materialidad/compensación observable | AS131: alta | AT131: SCR; EvidenceBundle; MDSB; Inventory/Registry conditional; VSM/AHE prep | AU131: GapObject / EvidenceInsufficiency | AV131: explicitly_carried_forward if unresolved | AW131: Sin esto, el retrabajo queda declarado pero sin objeto concreto | AX131: 71b7657dbd6fc85f2e22fee7b235403ad0a5c1f8751c994f79a7f08fed2a811b
A132: 0.1.0 | B132: 1.0 | C132: B6_6_2b | D132: C1B6-004 | E132: 6 | F132: 4 | G132: 6.2b | H132: Bloque_6_Documento_Madre_Capa1_v2_1_EVE_rev4_reconstruido.docx | I132: Versión del documento: 0.1 de trabajo | Base estructural: Diseno_Formal_Capa1_v2_1_Unificado | Base de redacción operativa: Marco de Trabajo y Catálogo de Preguntas v2.1 - Bloque 6 (Compensación Humana, Workaround y Variedad Residual). | Adecuación A | J132: Fuente canónica de nodos | K132: Fuente final aprobada | L132: 23 | M132: active | N132: conditional_question | O132: condicional | P132: compensacion_variedad_residual | Q132: ¿Cuándo ocurre? ¿Siempre, o solo en ciertas circunstancias? | R132: Si 6.2 = Sí | S132: ¿Cuándo ocurre? ¿Siempre, o solo en ciertas circunstancias? | T132: Si 6.2 = Sí | V132: rework_condition_or_frequency | X132: normal | Y132: FALSE | AA132: captured_user_evidence | AB132: captured_user_evidence | AC132: captured_user_evidence | AD132: captured_user_evidence | AE132: No aplica / captura directa | AF132: No inferir como captured_user_evidence; exigir confirmación si afecta ruta canónica. | AG132: Audit log requerido si se deriva, corrige, bloquea o modifica ruta crítica. | AH132: PF | AI132: OLC; Governance/Readiness; VSM/AHE Prep | AJ132: Condicional | AK132: rework_candidate | AL132: La compensación debe estar anclada en práctica observable, no juicio moral. | AM132: PF↔OLC; PM↔PF; conformance of real vs official process | AN132: Sí | AO132: S1; S2; S3; S3*; canal algedónico | AP132: S1 | S2 | S3* | S3 | algedonic_channel | AQ132: Sí | AR132: señal AHE solo si existe materialidad/compensación observable | AS132: alta | AT132: SCR; EvidenceBundle; MDSB; Inventory/Registry conditional; VSM/AHE prep | AU132: GapObject / EvidenceInsufficiency | AV132: explicitly_carried_forward if unresolved | AW132: Sin esto, el retrabajo queda sin contexto de activación | AX132: a3cf67c2c55d13a6b311f22b41b30b4a9a401d009ca21c4d7d2b59a6f65a585a
A133: 0.1.0 | B133: 1.0 | C133: B6_6_2c | D133: C1B6-005 | E133: 6 | F133: 5 | G133: 6.2c | H133: Bloque_6_Documento_Madre_Capa1_v2_1_EVE_rev4_reconstruido.docx | I133: Versión del documento: 0.1 de trabajo | Base estructural: Diseno_Formal_Capa1_v2_1_Unificado | Base de redacción operativa: Marco de Trabajo y Catálogo de Preguntas v2.1 - Bloque 6 (Compensación Humana, Workaround y Variedad Residual). | Adecuación A | J133: Fuente canónica de nodos | K133: Fuente final aprobada | L133: 24 | M133: active | N133: conditional_question | O133: condicional | P133: compensacion_variedad_residual | Q133: ¿Quién debería haberlo hecho bien la primera vez? | R133: Si 6.2 = Sí | S133: ¿Quién debería haberlo hecho bien la primera vez? | T133: Si 6.2 = Sí | V133: rework_expected_owner | X133: normal | Y133: FALSE | AA133: captured_user_evidence | AB133: captured_user_evidence | AC133: captured_user_evidence | AD133: captured_user_evidence | AE133: No aplica / captura directa | AF133: No inferir como captured_user_evidence; exigir confirmación si afecta ruta canónica. | AG133: Audit log requerido si se deriva, corrige, bloquea o modifica ruta crítica. | AH133: PF | AI133: OLC; Governance/Readiness; VSM/AHE Prep | AJ133: Condicional | AK133: rework_candidate | AL133: La compensación debe estar anclada en práctica observable, no juicio moral. | AM133: PF↔OLC; PM↔PF; conformance of real vs official process | AN133: Sí | AO133: S1; S2; S3; S3*; canal algedónico | AP133: S1 | S2 | S3* | S3 | algedonic_channel | AQ133: Sí | AR133: señal AHE solo si existe materialidad/compensación observable | AS133: alta | AT133: SCR; EvidenceBundle; MDSB; Inventory/Registry conditional; VSM/AHE prep | AU133: GapObject / EvidenceInsufficiency | AV133: explicitly_carried_forward if unresolved | AW133: Sin esto, el retrabajo pierde referencia de origen | AX133: 5ba478b258ea96077e9816719e5b7cee33980e25d6cb3900ad64f2136888fbc2
A134: 0.1.0 | B134: 1.0 | C134: B6_6_3 | D134: C1B6-006 | E134: 6 | F134: 6 | G134: 6.3 | H134: Bloque_6_Documento_Madre_Capa1_v2_1_EVE_rev4_reconstruido.docx | I134: Versión del documento: 0.1 de trabajo | Base estructural: Diseno_Formal_Capa1_v2_1_Unificado | Base de redacción operativa: Marco de Trabajo y Catálogo de Preguntas v2.1 - Bloque 6 (Compensación Humana, Workaround y Variedad Residual). | Adecuación A | J134: Fuente canónica de nodos | K134: Fuente final aprobada | L134: 5 | M134: active | N134: base_question | O134: base | P134: compensacion_variedad_residual | Q134: ¿Hay información, datos, aprobación o claridad que NO TE LLEGA cuando la necesitas? | R134: Siempre | S134: ¿Hay información, datos, aprobación o claridad que NO TE LLEGA cuando la necesitas? | T134: Siempre visible. | U134: Siempre obligatoria. | V134: missing_information | X134: normal | Y134: FALSE | AA134: captured_user_evidence | AB134: captured_user_evidence | AC134: captured_user_evidence | AD134: captured_user_evidence | AE134: No aplica / captura directa | AF134: No inferir como captured_user_evidence; exigir confirmación si afecta ruta canónica. | AG134: Audit log requerido si se deriva, corrige, bloquea o modifica ruta crítica. | AH134: PF | AI134: OLC; Governance/Readiness; VSM/AHE Prep | AJ134: Condicional | AK134: missing_information_candidate | AL134: La compensación debe estar anclada en práctica observable, no juicio moral. | AM134: PF↔OLC; PM↔PF; conformance of real vs official process | AN134: Sí | AO134: S1; S2; S3; S3*; canal algedónico | AP134: S1 | S2 | S3* | S3 | algedonic_channel | AQ134: Sí | AR134: señal AHE solo si existe materialidad/compensación observable | AS134: media | AT134: SCR; EvidenceBundle; MDSB; Inventory/Registry conditional; VSM/AHE prep | AU134: ReviewNote / non_blocking_flag | AV134: explicitly_carried_forward if unresolved | AW134: Si falta, se pierde lectura sobre esperas sin trigger y fallas de coordinación. | AX134: 101b9d6a046cc9e3b127572887df28df3f161b510706a7749664acde53eb5b16
A135: 0.1.0 | B135: 1.0 | C135: B6_6_3a | D135: C1B6-007 | E135: 6 | F135: 7 | G135: 6.3a | H135: Bloque_6_Documento_Madre_Capa1_v2_1_EVE_rev4_reconstruido.docx | I135: Versión del documento: 0.1 de trabajo | Base estructural: Diseno_Formal_Capa1_v2_1_Unificado | Base de redacción operativa: Marco de Trabajo y Catálogo de Preguntas v2.1 - Bloque 6 (Compensación Humana, Workaround y Variedad Residual). | Adecuación A | J135: Fuente canónica de nodos | K135: Fuente final aprobada | L135: 25 | M135: active | N135: causal_probe | O135: causal_profunda | P135: compensacion_variedad_residual | Q135: Cuando no te llega, ¿qué haces y qué pasa con los demás involucrados? | R135: Si 6.3 indica carencia | S135: Cuando no te llega, ¿qué haces? ¿Esperas, adivinas, escalas, o avanzas sin eso? | T135: Si 6.3 indica carencia | V135: missing_information_response_strategy | X135: normal | Y135: FALSE | AA135: captured_user_evidence | AB135: captured_user_evidence | AC135: captured_user_evidence | AD135: captured_user_evidence | AE135: No aplica / captura directa | AF135: No inferir como captured_user_evidence; exigir confirmación si afecta ruta canónica. | AG135: Audit log requerido si se deriva, corrige, bloquea o modifica ruta crítica. | AH135: PF | AI135: OLC; Governance/Readiness; VSM/AHE Prep | AJ135: Condicional | AK135: missing_information_candidate | AL135: La compensación debe estar anclada en práctica observable, no juicio moral. | AM135: PF↔OLC; PM↔PF; conformance of real vs official process | AN135: Sí | AO135: S1; S2; S3; S3*; canal algedónico | AP135: S1 | S2 | S3* | S3 | algedonic_channel | AQ135: Sí | AR135: señal AHE solo si existe materialidad/compensación observable | AS135: alta | AT135: SCR; EvidenceBundle; MDSB; Inventory/Registry conditional; VSM/AHE prep | AU135: GapObject / EvidenceInsufficiency | AV135: explicitly_carried_forward if unresolved | AW135: Sin esto, la falta de información queda sin estrategia de absorción | AX135: 1e7c9e67c12c5c78774d088929d4ce1dbb15da87184264fd72fc1cafc0e47d9c
A136: 0.1.0 | B136: 1.0 | C136: B6_6_4 | D136: C1B6-008 | E136: 6 | F136: 8 | G136: 6.4 | H136: Bloque_6_Documento_Madre_Capa1_v2_1_EVE_rev4_reconstruido.docx | I136: Versión del documento: 0.1 de trabajo | Base estructural: Diseno_Formal_Capa1_v2_1_Unificado | Base de redacción operativa: Marco de Trabajo y Catálogo de Preguntas v2.1 - Bloque 6 (Compensación Humana, Workaround y Variedad Residual). | Adecuación A | J136: Fuente canónica de nodos | K136: Fuente final aprobada | L136: 6 | M136: active | N136: base_question | O136: base | P136: compensacion_variedad_residual | Q136: ¿Hay algo que haces pero que no está en el procedimiento oficial? ¿Algo que haces porque es la única forma que funciona, aunque nadie te lo pidió? | R136: Siempre | S136: ¿Hay algo que haces pero que no está en el procedimiento oficial? ¿Algo que haces porque es la única forma que funciona, aunque nadie te lo pidió? | T136: Siempre visible. | U136: Siempre obligatoria. | V136: informal_rule_present; informal_rule_description; informal_rule_status | X136: normal | Y136: FALSE | AA136: captured_user_evidence | AB136: captured_user_evidence | AC136: captured_user_evidence | AD136: captured_user_evidence | AE136: No aplica / captura directa | AF136: No inferir como captured_user_evidence; exigir confirmación si afecta ruta canónica. | AG136: Audit log requerido si se deriva, corrige, bloquea o modifica ruta crítica. | AH136: PF | AI136: OLC; Governance/Readiness; VSM/AHE Prep | AJ136: Condicional | AK136: missing_information_candidate | AL136: La compensación debe estar anclada en práctica observable, no juicio moral. | AM136: PF↔OLC; PM↔PF; conformance of real vs official process | AN136: Sí | AO136: S1; S2; S3; S3*; canal algedónico | AP136: S1 | S2 | S3* | S3 | algedonic_channel | AQ136: Sí | AR136: señal AHE solo si existe materialidad/compensación observable | AS136: media | AT136: SCR; EvidenceBundle; MDSB; Inventory/Registry conditional; VSM/AHE prep | AU136: ReviewNote / non_blocking_flag | AV136: explicitly_carried_forward if unresolved | AW136: Sin esta respuesta se pierde evidencia de divergencia entre regla oficial y práctica necesaria. | AX136: 33aab62789913fe237666d755bd7ff1abe95d943a010612f636a78c7e88dfb00
A137: 0.1.0 | B137: 1.0 | C137: B6_6_4a | D137: C1B6-009 | E137: 6 | F137: 9 | G137: 6.4a | H137: Bloque_6_Documento_Madre_Capa1_v2_1_EVE_rev4_reconstruido.docx | I137: Versión del documento: 0.1 de trabajo | Base estructural: Diseno_Formal_Capa1_v2_1_Unificado | Base de redacción operativa: Marco de Trabajo y Catálogo de Preguntas v2.1 - Bloque 6 (Compensación Humana, Workaround y Variedad Residual). | Adecuación A | J137: Fuente canónica de nodos | K137: Fuente final aprobada | L137: 26 | M137: active | N137: conditional_question | O137: condicional | P137: compensacion_variedad_residual | Q137: ¿Otros compañeros lo hacen igual, o solo tú? | R137: Si 6.4 = Sí y mi jefe lo sabe | S137: ¿Otros compañeros lo hacen igual, o solo tú? | T137: Si 6.4 = Sí y mi jefe lo sabe | V137: informal_rule_scope | X137: normal | Y137: FALSE | AA137: captured_user_evidence | AB137: captured_user_evidence | AC137: captured_user_evidence | AD137: captured_user_evidence | AE137: No aplica / captura directa | AF137: No inferir como captured_user_evidence; exigir confirmación si afecta ruta canónica. | AG137: Audit log requerido si se deriva, corrige, bloquea o modifica ruta crítica. | AH137: PF | AI137: OLC; Governance/Readiness; VSM/AHE Prep | AJ137: Condicional | AK137: missing_information_candidate | AL137: La compensación debe estar anclada en práctica observable, no juicio moral. | AM137: PF↔OLC; PM↔PF; conformance of real vs official process | AN137: Sí | AO137: S1; S2; S3; S3*; canal algedónico | AP137: S1 | S2 | S3* | S3 | algedonic_channel | AQ137: Sí | AR137: señal AHE solo si existe materialidad/compensación observable | AS137: media | AT137: SCR; EvidenceBundle; MDSB; Inventory/Registry conditional; VSM/AHE prep | AU137: ReviewNote / non_blocking_flag | AV137: explicitly_carried_forward if unresolved | AW137: Sin esto, no se distingue práctica compartida de solución individual | AX137: cb63693df3beffcc82e410a4cec3b95afe8dd6868f48f04333817c4a5d78b6c1
A138: 0.1.0 | B138: 1.0 | C138: B6_6_4b | D138: C1B6-010 | E138: 6 | F138: 10 | G138: 6.4b | H138: Bloque_6_Documento_Madre_Capa1_v2_1_EVE_rev4_reconstruido.docx | I138: Versión del documento: 0.1 de trabajo | Base estructural: Diseno_Formal_Capa1_v2_1_Unificado | Base de redacción operativa: Marco de Trabajo y Catálogo de Preguntas v2.1 - Bloque 6 (Compensación Humana, Workaround y Variedad Residual). | Adecuación A | J138: Fuente canónica de nodos | K138: Fuente final aprobada | L138: 27 | M138: active | N138: conditional_question | O138: condicional | P138: compensacion_variedad_residual | Q138: ¿Otros compañeros lo hacen igual, o solo tú? | R138: Si 6.4 = Sí y mi jefe no lo sabe | S138: ¿Otros compañeros lo hacen igual, o solo tú? | T138: Si 6.4 = Sí y mi jefe no lo sabe | V138: informal_rule_scope | X138: normal | Y138: FALSE | AA138: captured_user_evidence | AB138: captured_user_evidence | AC138: captured_user_evidence | AD138: captured_user_evidence | AE138: No aplica / captura directa | AF138: No inferir como captured_user_evidence; exigir confirmación si afecta ruta canónica. | AG138: Audit log requerido si se deriva, corrige, bloquea o modifica ruta crítica. | AH138: PF | AI138: OLC; Governance/Readiness; VSM/AHE Prep | AJ138: Condicional | AK138: missing_information_candidate | AL138: La compensación debe estar anclada en práctica observable, no juicio moral. | AM138: PF↔OLC; PM↔PF; conformance of real vs official process | AN138: Sí | AO138: S1; S2; S3; S3*; canal algedónico | AP138: S1 | S2 | S3* | S3 | algedonic_channel | AQ138: Sí | AR138: señal AHE solo si existe materialidad/compensación observable | AS138: media | AT138: SCR; EvidenceBundle; MDSB; Inventory/Registry conditional; VSM/AHE prep | AU138: ReviewNote / non_blocking_flag | AV138: explicitly_carried_forward if unresolved | AW138: Sin esto, la distribución de la regla informal queda borrosa | AX138: 5f861ce4329786fef5fbbb74ba6f6b96a42c6b3613170d3417330966b193bc83
A139: 0.1.0 | B139: 1.0 | C139: B6_6_5 | D139: C1B6-011 | E139: 6 | F139: 11 | G139: 6.5 | H139: Bloque_6_Documento_Madre_Capa1_v2_1_EVE_rev4_reconstruido.docx | I139: Versión del documento: 0.1 de trabajo | Base estructural: Diseno_Formal_Capa1_v2_1_Unificado | Base de redacción operativa: Marco de Trabajo y Catálogo de Preguntas v2.1 - Bloque 6 (Compensación Humana, Workaround y Variedad Residual). | Adecuación A | J139: Fuente canónica de nodos | K139: Fuente final aprobada | L139: 7 | M139: active | N139: base_question | O139: base | P139: compensacion_variedad_residual | Q139: Para que esta actividad funcione dentro de lo esperado, ¿qué tienes que sacrificar? | R139: Siempre | S139: Para que esta actividad funcione dentro de lo esperado, ¿qué tienes que sacrificar? | T139: Siempre visible. | U139: Siempre obligatoria. | V139: human_sacrifice | X139: normal | Y139: FALSE | AA139: captured_user_evidence | AB139: captured_user_evidence | AC139: captured_user_evidence | AD139: captured_user_evidence | AE139: No aplica / captura directa | AF139: No inferir como captured_user_evidence; exigir confirmación si afecta ruta canónica. | AG139: Audit log requerido si se deriva, corrige, bloquea o modifica ruta crítica. | AH139: PF | AI139: OLC; Governance/Readiness; VSM/AHE Prep | AJ139: Condicional | AK139: compensation_candidate | AL139: La compensación debe estar anclada en práctica observable, no juicio moral. | AM139: PF↔OLC; PM↔PF; conformance of real vs official process | AN139: Sí | AO139: S1; S2; S3; S3*; canal algedónico | AP139: S1 | S2 | S3* | S3 | algedonic_channel | AQ139: Sí | AR139: señal AHE solo si existe materialidad/compensación observable | AS139: alta | AT139: SCR; EvidenceBundle; MDSB; Inventory/Registry conditional; VSM/AHE prep | AU139: GapObject / EvidenceInsufficiency | AV139: explicitly_carried_forward if unresolved | AW139: Sin esta respuesta se pierde la evidencia más directa del costo personal absorbido. | AX139: 6c8edbbd2544b8a437500b4ce1deab7576f87a9f9d7cf0aea5b129aadb17a0f6
A140: 0.1.0 | B140: 1.0 | C140: B6_6_6 | D140: C1B6-012 | E140: 6 | F140: 12 | G140: 6.6 | H140: Bloque_6_Documento_Madre_Capa1_v2_1_EVE_rev4_reconstruido.docx | I140: Versión del documento: 0.1 de trabajo | Base estructural: Diseno_Formal_Capa1_v2_1_Unificado | Base de redacción operativa: Marco de Trabajo y Catálogo de Preguntas v2.1 - Bloque 6 (Compensación Humana, Workaround y Variedad Residual). | Adecuación A | J140: Fuente canónica de nodos | K140: Fuente final aprobada | L140: 8 | M140: active | N140: base_question | O140: base | P140: compensacion_variedad_residual | Q140: ¿Cómo te sientes después de hacer esto durante un tiempo? ¿Hay algo que haya cambiado en ti? | R140: Siempre | S140: ¿Cómo te sientes después de hacer esto durante un tiempo? ¿Hay algo que haya cambiado en ti? | T140: Siempre visible. | U140: Siempre obligatoria. | V140: wear_accumulated | X140: normal | Y140: FALSE | AA140: captured_user_evidence | AB140: captured_user_evidence | AC140: captured_user_evidence | AD140: captured_user_evidence | AE140: No aplica / captura directa | AF140: No inferir como captured_user_evidence; exigir confirmación si afecta ruta canónica. | AG140: Audit log requerido si se deriva, corrige, bloquea o modifica ruta crítica. | AH140: PF | AI140: OLC; Governance/Readiness; VSM/AHE Prep | AJ140: Condicional | AK140: compensation_candidate | AL140: La compensación debe estar anclada en práctica observable, no juicio moral. | AM140: PF↔OLC; PM↔PF; conformance of real vs official process | AN140: Sí | AO140: S1; S2; S3; S3*; canal algedónico | AP140: S1 | S2 | S3* | S3 | algedonic_channel | AQ140: Sí | AR140: señal AHE solo si existe materialidad/compensación observable | AS140: media | AT140: SCR; EvidenceBundle; MDSB; Inventory/Registry conditional; VSM/AHE prep | AU140: ReviewNote / non_blocking_flag | AV140: explicitly_carried_forward if unresolved | AW140: Sin esta respuesta se pierde lectura temporal del costo humano. | AX140: ad50d70c5ee6e8b89b684ff03ab14607208295566e3d043dd661ada4e1a174f1
A141: 0.1.0 | B141: 1.0 | C141: B6_6_6a | D141: C1B6-013 | E141: 6 | F141: 13 | G141: 6.6a | H141: Bloque_6_Documento_Madre_Capa1_v2_1_EVE_rev4_reconstruido.docx | I141: Versión del documento: 0.1 de trabajo | Base estructural: Diseno_Formal_Capa1_v2_1_Unificado | Base de redacción operativa: Marco de Trabajo y Catálogo de Preguntas v2.1 - Bloque 6 (Compensación Humana, Workaround y Variedad Residual). | Adecuación A | J141: Fuente canónica de nodos | K141: Fuente final aprobada | L141: 28 | M141: active | N141: conditional_question | O141: condicional | P141: compensacion_variedad_residual | Q141: ¿Cuánto tiempo lleva esto? ¿Meses, años? | R141: Si 6.6 selecciona algo negativo | S141: ¿Cuánto tiempo lleva esto? ¿Meses, años? | T141: Si 6.6 selecciona algo negativo | V141: wear_duration_reported | X141: normal | Y141: FALSE | AA141: captured_user_evidence | AB141: captured_user_evidence | AC141: captured_user_evidence | AD141: captured_user_evidence | AE141: No aplica / captura directa | AF141: No inferir como captured_user_evidence; exigir confirmación si afecta ruta canónica. | AG141: Audit log requerido si se deriva, corrige, bloquea o modifica ruta crítica. | AH141: PF | AI141: OLC; Governance/Readiness; VSM/AHE Prep | AJ141: Condicional | AK141: compensation_candidate | AL141: La compensación debe estar anclada en práctica observable, no juicio moral. | AM141: PF↔OLC; PM↔PF; conformance of real vs official process | AN141: Sí | AO141: S1; S2; S3; S3*; canal algedónico | AP141: S1 | S2 | S3* | S3 | algedonic_channel | AQ141: Sí | AR141: señal AHE solo si existe materialidad/compensación observable | AS141: media | AT141: SCR; EvidenceBundle; MDSB; Inventory/Registry conditional; VSM/AHE prep | AU141: ReviewNote / non_blocking_flag | AV141: explicitly_carried_forward if unresolved | AW141: Sin esto, el desgaste queda sin temporalidad | AX141: 41283ccb857136b28646b4005b3a6e40faef129fc4761e4fecab4b7b3de6ecc9
A142: 0.1.0 | B142: 1.0 | C142: B6_6_6b | D142: C1B6-014 | E142: 6 | F142: 14 | G142: 6.6b | H142: Bloque_6_Documento_Madre_Capa1_v2_1_EVE_rev4_reconstruido.docx | I142: Versión del documento: 0.1 de trabajo | Base estructural: Diseno_Formal_Capa1_v2_1_Unificado | Base de redacción operativa: Marco de Trabajo y Catálogo de Preguntas v2.1 - Bloque 6 (Compensación Humana, Workaround y Variedad Residual). | Adecuación A | J142: Fuente canónica de nodos | K142: Fuente final aprobada | L142: 29 | M142: active | N142: conditional_question | O142: condicional | P142: compensacion_variedad_residual | Q142: ¿Alguien en la organización sabe que esto está pasando? | R142: Si 6.6 selecciona algo negativo | S142: ¿Alguien en la organización sabe que esto está pasando? | T142: Si 6.6 selecciona algo negativo | V142: wear_visibility_known | X142: normal | Y142: FALSE | AA142: captured_user_evidence | AB142: captured_user_evidence | AC142: captured_user_evidence | AD142: captured_user_evidence | AE142: No aplica / captura directa | AF142: No inferir como captured_user_evidence; exigir confirmación si afecta ruta canónica. | AG142: Audit log requerido si se deriva, corrige, bloquea o modifica ruta crítica. | AH142: PF | AI142: OLC; Governance/Readiness; VSM/AHE Prep | AJ142: Condicional | AK142: compensation_candidate | AL142: La compensación debe estar anclada en práctica observable, no juicio moral. | AM142: PF↔OLC; PM↔PF; conformance of real vs official process | AN142: Sí | AO142: S1; S2; S3; S3*; canal algedónico | AP142: S1 | S2 | S3* | S3 | algedonic_channel | AQ142: Sí | AR142: señal AHE solo si existe materialidad/compensación observable | AS142: media | AT142: SCR; EvidenceBundle; MDSB; Inventory/Registry conditional; VSM/AHE prep | AU142: ReviewNote / non_blocking_flag | AV142: explicitly_carried_forward if unresolved | AW142: Sin esto, no se distingue desgaste silenciado de desgaste conocido | AX142: 3c32e9dd0a3b104b6cb97276b4634d7512784827189e2b76bc6041ecde62fce2
A143: 0.1.0 | B143: 1.0 | C143: B6_6_7 | D143: C1B6-015 | E143: 6 | F143: 15 | G143: 6.7 | H143: Bloque_6_Documento_Madre_Capa1_v2_1_EVE_rev4_reconstruido.docx | I143: Versión del documento: 0.1 de trabajo | Base estructural: Diseno_Formal_Capa1_v2_1_Unificado | Base de redacción operativa: Marco de Trabajo y Catálogo de Preguntas v2.1 - Bloque 6 (Compensación Humana, Workaround y Variedad Residual). | Adecuación A | J143: Fuente canónica de nodos | K143: Fuente final aprobada | L143: 9 | M143: active | N143: base_question | O143: base | P143: compensacion_variedad_residual | Q143: En una escala, ¿cuánto esfuerzo te cuesta hacer esta actividad bien? | R143: Siempre | S143: En una escala, ¿cuánto esfuerzo te cuesta hacer esta actividad bien? | T143: Siempre visible. | U143: Siempre obligatoria. | V143: effort_cost | X143: normal | Y143: FALSE | AA143: captured_user_evidence | AB143: captured_user_evidence | AC143: captured_user_evidence | AD143: captured_user_evidence | AE143: No aplica / captura directa | AF143: No inferir como captured_user_evidence; exigir confirmación si afecta ruta canónica. | AG143: Audit log requerido si se deriva, corrige, bloquea o modifica ruta crítica. | AH143: PF | AI143: OLC; Governance/Readiness; VSM/AHE Prep | AJ143: Condicional | AK143: compensation_candidate | AL143: La compensación debe estar anclada en práctica observable, no juicio moral. | AM143: PF↔OLC; PM↔PF; conformance of real vs official process | AN143: Sí | AO143: S1; S2; S3; S3*; canal algedónico | AP143: S1 | S2 | S3* | S3 | algedonic_channel | AQ143: Sí | AR143: señal AHE solo si existe materialidad/compensación observable | AS143: media | AT143: SCR; EvidenceBundle; MDSB; Inventory/Registry conditional; VSM/AHE prep | AU143: ReviewNote / non_blocking_flag | AV143: explicitly_carried_forward if unresolved | AW143: Sin esta respuesta se pierde una medición sintética de carga. | AX143: ea33850cb149d480a786629b56dbef5809541fcbfcf9b4ab6d5945e7bf74d675
A144: 0.1.0 | B144: 1.0 | C144: B6_6_7a | D144: C1B6-016 | E144: 6 | F144: 16 | G144: 6.7a | H144: Bloque_6_Documento_Madre_Capa1_v2_1_EVE_rev4_reconstruido.docx | I144: Versión del documento: 0.1 de trabajo | Base estructural: Diseno_Formal_Capa1_v2_1_Unificado | Base de redacción operativa: Marco de Trabajo y Catálogo de Preguntas v2.1 - Bloque 6 (Compensación Humana, Workaround y Variedad Residual). | Adecuación A | J144: Fuente canónica de nodos | K144: Fuente final aprobada | L144: 30 | M144: active | N144: conditional_question | O144: condicional | P144: compensacion_variedad_residual | Q144: ¿Cuál es la parte más difícil? | R144: Si 6.7 = 7-10 | S144: ¿Cuál es la parte más difícil? ¿Es el volumen, la complejidad, la falta de información, el tiempo, o algo más? | T144: Si 6.7 = 7-10 | V144: effort_cost_driver | X144: normal | Y144: FALSE | AA144: captured_user_evidence | AB144: captured_user_evidence | AC144: captured_user_evidence | AD144: captured_user_evidence | AE144: No aplica / captura directa | AF144: No inferir como captured_user_evidence; exigir confirmación si afecta ruta canónica. | AG144: Audit log requerido si se deriva, corrige, bloquea o modifica ruta crítica. | AH144: PF | AI144: OLC; Governance/Readiness; VSM/AHE Prep | AJ144: Condicional | AK144: missing_information_candidate | AL144: La compensación debe estar anclada en práctica observable, no juicio moral. | AM144: PF↔OLC; PM↔PF; conformance of real vs official process | AN144: Sí | AO144: S1; S2; S3; S3*; canal algedónico | AP144: S1 | S2 | S3* | S3 | algedonic_channel | AQ144: Sí | AR144: señal AHE solo si existe materialidad/compensación observable | AS144: media | AT144: SCR; EvidenceBundle; MDSB; Inventory/Registry conditional; VSM/AHE prep | AU144: ReviewNote / non_blocking_flag | AV144: explicitly_carried_forward if unresolved | AW144: Sin esto, el esfuerzo alto queda sin factor dominante | AX144: 60a555027e7abe740a1563398744aabd6642e69c266b040d2078c647aa86edde
A145: 0.1.0 | B145: 1.0 | C145: B6_6_7b | D145: C1B6-017 | E145: 6 | F145: 17 | G145: 6.7b | H145: Bloque_6_Documento_Madre_Capa1_v2_1_EVE_rev4_reconstruido.docx | I145: Versión del documento: 0.1 de trabajo | Base estructural: Diseno_Formal_Capa1_v2_1_Unificado | Base de redacción operativa: Marco de Trabajo y Catálogo de Preguntas v2.1 - Bloque 6 (Compensación Humana, Workaround y Variedad Residual). | Adecuación A | J145: Fuente canónica de nodos | K145: Fuente final aprobada | L145: 31 | M145: active | N145: conditional_question | O145: condicional | P145: compensacion_variedad_residual | Q145: ¿Ese esfuerzo está reflejado en tu descripción de trabajo o en cómo te evalúan? | R145: Si 6.7 = 7-10 | S145: ¿Ese esfuerzo está reflejado en tu descripción de trabajo o en cómo te evalúan? | T145: Si 6.7 = 7-10 | V145: effort_cost_recognized | X145: normal | Y145: FALSE | AA145: captured_user_evidence | AB145: captured_user_evidence | AC145: captured_user_evidence | AD145: captured_user_evidence | AE145: No aplica / captura directa | AF145: No inferir como captured_user_evidence; exigir confirmación si afecta ruta canónica. | AG145: Audit log requerido si se deriva, corrige, bloquea o modifica ruta crítica. | AH145: PF | AI145: OLC; Governance/Readiness; VSM/AHE Prep | AJ145: Condicional | AK145: compensation_candidate | AL145: La compensación debe estar anclada en práctica observable, no juicio moral. | AM145: PF↔OLC; PM↔PF; conformance of real vs official process | AN145: Sí | AO145: S1; S2; S3; S3*; canal algedónico | AP145: S1 | S2 | S3* | S3 | algedonic_channel | AQ145: Sí | AR145: señal AHE solo si existe materialidad/compensación observable | AS145: media | AT145: SCR; EvidenceBundle; MDSB; Inventory/Registry conditional; VSM/AHE prep | AU145: ReviewNote / non_blocking_flag | AV145: explicitly_carried_forward if unresolved | AW145: Sin esto, no se distingue costo alto reconocido de costo invisibilizado | AX145: 247cc577ba3561f7e9c476a2de3d434b53bc697689604b5db6d3c6ca817bd2d1
A146: 0.1.0 | B146: 1.0 | C146: B6_6_8 | D146: C1B6-018 | E146: 6 | F146: 18 | G146: 6.8 | H146: Bloque_6_Documento_Madre_Capa1_v2_1_EVE_rev4_reconstruido.docx | I146: Versión del documento: 0.1 de trabajo | Base estructural: Diseno_Formal_Capa1_v2_1_Unificado | Base de redacción operativa: Marco de Trabajo y Catálogo de Preguntas v2.1 - Bloque 6 (Compensación Humana, Workaround y Variedad Residual). | Adecuación A | J146: Fuente canónica de nodos | K146: Fuente final aprobada | L146: 10 | M146: active | N146: base_question | O146: base | P146: compensacion_variedad_residual | Q146: Si tuvieras que resumir en UNA FRASE lo que significa hacer esta actividad para ti, ¿cuál sería? | R146: Siempre | S146: Si tuvieras que resumir en UNA FRASE lo que significa hacer esta actividad para ti, ¿cuál sería? | T146: Siempre visible. | U146: Siempre obligatoria. | V146: trench_phrase | X146: normal | Y146: FALSE | AA146: captured_user_evidence | AB146: captured_user_evidence | AC146: captured_user_evidence | AD146: captured_user_evidence | AE146: No aplica / captura directa | AF146: No inferir como captured_user_evidence; exigir confirmación si afecta ruta canónica. | AG146: Audit log requerido si se deriva, corrige, bloquea o modifica ruta crítica. | AH146: PF | AI146: OLC; Governance/Readiness; VSM/AHE Prep | AJ146: Condicional | AK146: compensation_candidate | AL146: La compensación debe estar anclada en práctica observable, no juicio moral. | AM146: PF↔OLC; PM↔PF; conformance of real vs official process | AN146: Sí | AO146: S1; S2; S3; S3*; canal algedónico | AP146: S1 | S2 | S3* | S3 | algedonic_channel | AQ146: Sí | AR146: señal AHE solo si existe materialidad/compensación observable | AS146: media | AT146: SCR; EvidenceBundle; MDSB; Inventory/Registry conditional; VSM/AHE prep | AU146: ReviewNote / non_blocking_flag | AV146: explicitly_carried_forward if unresolved | AW146: Sin esta frase se pierde una pieza clave de credibilidad y textura. | AX146: bd5240e61b43d798088263bcf2154f1e448b2669454d1942d239cfb6a91aa5b2
A147: 0.1.0 | B147: 1.0 | C147: B6_6_9 | D147: C1B6-019 | E147: 6 | F147: 19 | G147: 6.9 | H147: Bloque_6_Documento_Madre_Capa1_v2_1_EVE_rev4_reconstruido.docx | I147: Versión del documento: 0.1 de trabajo | Base estructural: Diseno_Formal_Capa1_v2_1_Unificado | Base de redacción operativa: Marco de Trabajo y Catálogo de Preguntas v2.1 - Bloque 6 (Compensación Humana, Workaround y Variedad Residual). | Adecuación A | J147: Fuente canónica de nodos | K147: Fuente final aprobada | L147: 11 | M147: active | N147: base_question | O147: base | P147: compensacion_variedad_residual | Q147: ¿Hay algo que SIEMPRE FALLA o que SIEMPRE OCURRE bajo las mismas circunstancias? | R147: Siempre | S147: ¿Hay algo que SIEMPRE FALLA o que SIEMPRE OCURRE bajo las mismas circunstancias? | T147: Siempre visible. | U147: Siempre obligatoria. | V147: repetitive_failure_pattern | X147: normal | Y147: FALSE | AA147: captured_user_evidence | AB147: captured_user_evidence | AC147: captured_user_evidence | AD147: captured_user_evidence | AE147: No aplica / captura directa | AF147: No inferir como captured_user_evidence; exigir confirmación si afecta ruta canónica. | AG147: Audit log requerido si se deriva, corrige, bloquea o modifica ruta crítica. | AH147: PF | AI147: OLC; Governance/Readiness; VSM/AHE Prep | AJ147: Condicional | AK147: compensation_candidate | AL147: La compensación debe estar anclada en práctica observable, no juicio moral. | AM147: PF↔OLC; PM↔PF; conformance of real vs official process | AN147: Sí | AO147: S1; S2; S3; S3*; canal algedónico | AP147: S1 | S2 | S3* | S3 | algedonic_channel | AQ147: Sí | AR147: señal AHE solo si existe materialidad/compensación observable | AS147: alta | AT147: SCR; EvidenceBundle; MDSB; Inventory/Registry conditional; VSM/AHE prep | AU147: GapObject / EvidenceInsufficiency | AV147: explicitly_carried_forward if unresolved | AW147: Sin esta respuesta se pierde evidencia de patrones repetitivos de falla. | AX147: 1e19c44525587f23055c5812bb027fbfad23fce0255944b8f6e70998b6715c59
A148: 0.1.0 | B148: 1.0 | C148: B6_6_9a | D148: C1B6-020 | E148: 6 | F148: 20 | G148: 6.9a | H148: Bloque_6_Documento_Madre_Capa1_v2_1_EVE_rev4_reconstruido.docx | I148: Versión del documento: 0.1 de trabajo | Base estructural: Diseno_Formal_Capa1_v2_1_Unificado | Base de redacción operativa: Marco de Trabajo y Catálogo de Preguntas v2.1 - Bloque 6 (Compensación Humana, Workaround y Variedad Residual). | Adecuación A | J148: Fuente canónica de nodos | K148: Fuente final aprobada | L148: 32 | M148: active | N148: conditional_question | O148: condicional | P148: compensacion_variedad_residual | Q148: ¿Bajo qué circunstancias ocurre? | R148: Si 6.9 indica que sí | S148: ¿Bajo qué circunstancias ocurre? | T148: Si 6.9 indica que sí | V148: failure_pattern_conditions | X148: normal | Y148: FALSE | AA148: captured_user_evidence | AB148: captured_user_evidence | AC148: captured_user_evidence | AD148: captured_user_evidence | AE148: No aplica / captura directa | AF148: No inferir como captured_user_evidence; exigir confirmación si afecta ruta canónica. | AG148: Audit log requerido si se deriva, corrige, bloquea o modifica ruta crítica. | AH148: PF | AI148: OLC; Governance/Readiness; VSM/AHE Prep | AJ148: Condicional | AK148: compensation_candidate | AL148: La compensación debe estar anclada en práctica observable, no juicio moral. | AM148: PF↔OLC; PM↔PF; conformance of real vs official process | AN148: Sí | AO148: S1; S2; S3; S3*; canal algedónico | AP148: S1 | S2 | S3* | S3 | algedonic_channel | AQ148: Sí | AR148: señal AHE solo si existe materialidad/compensación observable | AS148: media | AT148: SCR; EvidenceBundle; MDSB; Inventory/Registry conditional; VSM/AHE prep | AU148: ReviewNote / non_blocking_flag | AV148: explicitly_carried_forward if unresolved | AW148: Sin esto, el patrón queda sin condiciones de aparición | AX148: 63d3048b0ba6577c28b014fb9683fca82dd19f14e662eded20204566ef34703c
A149: 0.1.0 | B149: 1.0 | C149: B6_6_9b | D149: C1B6-021 | E149: 6 | F149: 21 | G149: 6.9b | H149: Bloque_6_Documento_Madre_Capa1_v2_1_EVE_rev4_reconstruido.docx | I149: Versión del documento: 0.1 de trabajo | Base estructural: Diseno_Formal_Capa1_v2_1_Unificado | Base de redacción operativa: Marco de Trabajo y Catálogo de Preguntas v2.1 - Bloque 6 (Compensación Humana, Workaround y Variedad Residual). | Adecuación A | J149: Fuente canónica de nodos | K149: Fuente final aprobada | L149: 33 | M149: active | N149: conditional_question | O149: condicional | P149: compensacion_variedad_residual | Q149: ¿Cuántas veces ha ocurrido? ¿Es predecible? | R149: Si 6.9 indica que sí | S149: ¿Cuántas veces ha ocurrido? ¿Es predecible? | T149: Si 6.9 indica que sí | V149: failure_pattern_frequency | X149: normal | Y149: FALSE | AA149: captured_user_evidence | AB149: captured_user_evidence | AC149: captured_user_evidence | AD149: captured_user_evidence | AE149: No aplica / captura directa | AF149: No inferir como captured_user_evidence; exigir confirmación si afecta ruta canónica. | AG149: Audit log requerido si se deriva, corrige, bloquea o modifica ruta crítica. | AH149: PF | AI149: OLC; Governance/Readiness; VSM/AHE Prep | AJ149: Condicional | AK149: compensation_candidate | AL149: La compensación debe estar anclada en práctica observable, no juicio moral. | AM149: PF↔OLC; PM↔PF; conformance of real vs official process | AN149: Sí | AO149: S1; S2; S3; S3*; canal algedónico | AP149: S1 | S2 | S3* | S3 | algedonic_channel | AQ149: Sí | AR149: señal AHE solo si existe materialidad/compensación observable | AS149: media | AT149: SCR; EvidenceBundle; MDSB; Inventory/Registry conditional; VSM/AHE prep | AU149: ReviewNote / non_blocking_flag | AV149: explicitly_carried_forward if unresolved | AW149: Sin esto, la falla repetitiva queda sin densidad temporal | AX149: 55029216f5110e54842f0f55fe09acbcbf44d8c96efbed7b1b3a76d016934f56
A150: 0.1.0 | B150: 1.0 | C150: B6_6_9c | D150: C1B6-022 | E150: 6 | F150: 22 | G150: 6.9c | H150: Bloque_6_Documento_Madre_Capa1_v2_1_EVE_rev4_reconstruido.docx | I150: Versión del documento: 0.1 de trabajo | Base estructural: Diseno_Formal_Capa1_v2_1_Unificado | Base de redacción operativa: Marco de Trabajo y Catálogo de Preguntas v2.1 - Bloque 6 (Compensación Humana, Workaround y Variedad Residual). | Adecuación A | J150: Fuente canónica de nodos | K150: Fuente final aprobada | L150: 34 | M150: active | N150: conditional_question | O150: condicional | P150: compensacion_variedad_residual | Q150: ¿Se ha intentado arreglarlo? ¿Qué pasó? | R150: Si 6.9 indica que sí | S150: ¿Se ha intentado arreglarlo? ¿Qué pasó? | T150: Si 6.9 indica que sí | V150: failure_pattern_fix_attempt | X150: normal | Y150: FALSE | AA150: captured_user_evidence | AB150: captured_user_evidence | AC150: captured_user_evidence | AD150: captured_user_evidence | AE150: No aplica / captura directa | AF150: No inferir como captured_user_evidence; exigir confirmación si afecta ruta canónica. | AG150: Audit log requerido si se deriva, corrige, bloquea o modifica ruta crítica. | AH150: PF | AI150: OLC; Governance/Readiness; VSM/AHE Prep | AJ150: Condicional | AK150: compensation_candidate | AL150: La compensación debe estar anclada en práctica observable, no juicio moral. | AM150: PF↔OLC; PM↔PF; conformance of real vs official process | AN150: Sí | AO150: S1; S2; S3; S3*; canal algedónico | AP150: S1 | S2 | S3* | S3 | algedonic_channel | AQ150: Sí | AR150: señal AHE solo si existe materialidad/compensación observable | AS150: media | AT150: SCR; EvidenceBundle; MDSB; Inventory/Registry conditional; VSM/AHE prep | AU150: ReviewNote / non_blocking_flag | AV150: explicitly_carried_forward if unresolved | AW150: Sin esto, la falla repetitiva queda sin historia de intervención | AX150: 0b9f919a987f8e55a7aa9ab6eabe8045fef9ecf4979ffeb3598d83cfc04b165b
A151: 0.1.0 | B151: 1.0 | C151: B6_6_10 | D151: C1B6-023 | E151: 6 | F151: 23 | G151: 6.10 | H151: Bloque_6_Documento_Madre_Capa1_v2_1_EVE_rev4_reconstruido.docx | I151: Versión del documento: 0.1 de trabajo | Base estructural: Diseno_Formal_Capa1_v2_1_Unificado | Base de redacción operativa: Marco de Trabajo y Catálogo de Preguntas v2.1 - Bloque 6 (Compensación Humana, Workaround y Variedad Residual). | Adecuación A | J151: Fuente canónica de nodos | K151: Fuente final aprobada | L151: 12 | M151: active | N151: base_question | O151: base | P151: compensacion_variedad_residual | Q151: Hay cosas que simplemente no están en el procedimiento normal que estás haciendo. Cosas que “aparecen” y que agregan dificultad a la actividad. ¿Cómo las manejas TÚ? | R151: Siempre | S151: Hay cosas que simplemente no están en el procedimiento normal que estás haciendo. Cosas que “aparecen” y que agregan dificultad a la actividad. ¿Cómo las manejas TÚ? | T151: Siempre visible. | U151: Siempre obligatoria. | V151: residual_variety_absorption | X151: normal | Y151: FALSE | AA151: captured_user_evidence | AB151: captured_user_evidence | AC151: captured_user_evidence | AD151: captured_user_evidence | AE151: No aplica / captura directa | AF151: No inferir como captured_user_evidence; exigir confirmación si afecta ruta canónica. | AG151: Audit log requerido si se deriva, corrige, bloquea o modifica ruta crítica. | AH151: PF | AI151: OLC; Governance/Readiness; VSM/AHE Prep | AJ151: Condicional | AK151: compensation_candidate | AL151: La compensación debe estar anclada en práctica observable, no juicio moral. | AM151: PF↔OLC; PM↔PF; conformance of real vs official process | AN151: Sí | AO151: S1; S2; S3; S3*; canal algedónico | AP151: S1 | S2 | S3* | S3 | algedonic_channel | AQ151: Sí | AR151: señal AHE solo si existe materialidad/compensación observable | AS151: media | AT151: SCR; EvidenceBundle; MDSB; Inventory/Registry conditional; VSM/AHE prep | AU151: ReviewNote / non_blocking_flag | AV151: explicitly_carried_forward if unresolved | AW151: Sin esta respuesta se pierde cómo se absorbe localmente lo que no entra en el sistema formal. | AX151: 93afb2fbb58c4b13b029ba36b7a5fa1e5602d0df8c8cb1e0d2b592f63584ee7e
A152: 0.1.0 | B152: 1.0 | C152: B6_6_10a | D152: C1B6-024 | E152: 6 | F152: 24 | G152: 6.10a | H152: Bloque_6_Documento_Madre_Capa1_v2_1_EVE_rev4_reconstruido.docx | I152: Versión del documento: 0.1 de trabajo | Base estructural: Diseno_Formal_Capa1_v2_1_Unificado | Base de redacción operativa: Marco de Trabajo y Catálogo de Preguntas v2.1 - Bloque 6 (Compensación Humana, Workaround y Variedad Residual). | Adecuación A | J152: Fuente canónica de nodos | K152: Fuente final aprobada | L152: 35 | M152: active | N152: conditional_question | O152: condicional | P152: compensacion_variedad_residual | Q152: De todo lo que haces en esta actividad, ¿cuánto es trabajo que NO está específicamente dentro de ella? | R152: Si 6.10 selecciona algo | S152: De todo lo que haces en esta actividad, ¿cuánto es trabajo que no está específicamente dentro de ella? | T152: Si 6.10 selecciona algo | V152: extra_work_share | X152: normal | Y152: FALSE | AA152: captured_user_evidence | AB152: captured_user_evidence | AC152: captured_user_evidence | AD152: captured_user_evidence | AE152: No aplica / captura directa | AF152: No inferir como captured_user_evidence; exigir confirmación si afecta ruta canónica. | AG152: Audit log requerido si se deriva, corrige, bloquea o modifica ruta crítica. | AH152: PF | AI152: OLC; Governance/Readiness; VSM/AHE Prep | AJ152: Condicional | AK152: compensation_candidate | AL152: La compensación debe estar anclada en práctica observable, no juicio moral. | AM152: PF↔OLC; PM↔PF; conformance of real vs official process | AN152: Sí | AO152: S1; S2; S3; S3*; canal algedónico | AP152: S1 | S2 | S3* | S3 | algedonic_channel | AQ152: Sí | AR152: señal AHE solo si existe materialidad/compensación observable | AS152: media | AT152: SCR; EvidenceBundle; MDSB; Inventory/Registry conditional; VSM/AHE prep | AU152: ReviewNote / non_blocking_flag | AV152: explicitly_carried_forward if unresolved | AW152: Sin esto, la absorción queda sin magnitud aproximada | AX152: fe51eccafb1ef22a2ad85b555c5766218caa7fe9ba030fd6ab9d24b2d01ef5bf
A153: 0.1.0 | B153: 1.0 | C153: B6_6_10b | D153: C1B6-025 | E153: 6 | F153: 25 | G153: 6.10b | H153: Bloque_6_Documento_Madre_Capa1_v2_1_EVE_rev4_reconstruido.docx | I153: Versión del documento: 0.1 de trabajo | Base estructural: Diseno_Formal_Capa1_v2_1_Unificado | Base de redacción operativa: Marco de Trabajo y Catálogo de Preguntas v2.1 - Bloque 6 (Compensación Humana, Workaround y Variedad Residual). | Adecuación A | J153: Fuente canónica de nodos | K153: Fuente final aprobada | L153: 36 | M153: active | N153: conditional_question | O153: condicional | P153: compensacion_variedad_residual | Q153: ¿Quién DEBERÍA estar haciendo esto? ¿Tu jefe? ¿Otro equipo? ¿El sistema? | R153: Si 6.10 selecciona algo | S153: ¿Quién debería estar haciendo esto? ¿Tu jefe? ¿Otro equipo? ¿El sistema? | T153: Si 6.10 selecciona algo | V153: residual_variety_expected_owner | X153: normal | Y153: FALSE | AA153: captured_user_evidence | AB153: captured_user_evidence | AC153: captured_user_evidence | AD153: captured_user_evidence | AE153: No aplica / captura directa | AF153: No inferir como captured_user_evidence; exigir confirmación si afecta ruta canónica. | AG153: Audit log requerido si se deriva, corrige, bloquea o modifica ruta crítica. | AH153: PF | AI153: OLC; Governance/Readiness; VSM/AHE Prep | AJ153: Condicional | AK153: compensation_candidate | AL153: La compensación debe estar anclada en práctica observable, no juicio moral. | AM153: PF↔OLC; PM↔PF; conformance of real vs official process | AN153: Sí | AO153: S1; S2; S3; S3*; canal algedónico | AP153: S1 | S2 | S3* | S3 | algedonic_channel | AQ153: Sí | AR153: señal AHE solo si existe materialidad/compensación observable | AS153: media | AT153: SCR; EvidenceBundle; MDSB; Inventory/Registry conditional; VSM/AHE prep | AU153: ReviewNote / non_blocking_flag | AV153: explicitly_carried_forward if unresolved | AW153: Sin esto, la variedad residual no muestra a quién debería corresponder | AX153: 306ccc5439d4c786ffee4e58c219b00e5ba1b634dbcc367640bbb0b40f60dd53
A154: 0.1.0 | B154: 1.0 | C154: B6_6_10c | D154: C1B6-026 | E154: 6 | F154: 26 | G154: 6.10c | H154: Bloque_6_Documento_Madre_Capa1_v2_1_EVE_rev4_reconstruido.docx | I154: Versión del documento: 0.1 de trabajo | Base estructural: Diseno_Formal_Capa1_v2_1_Unificado | Base de redacción operativa: Marco de Trabajo y Catálogo de Preguntas v2.1 - Bloque 6 (Compensación Humana, Workaround y Variedad Residual). | Adecuación A | J154: Fuente canónica de nodos | K154: Fuente final aprobada | L154: 45 | M154: active | N154: causal_probe | O154: causal_profunda | P154: compensacion_variedad_residual | Q154: Cuando esto falla o no alcanza, ¿qué pasa entre las personas o áreas involucradas? | R154: Si 6.10 selecciona algo o si el motor detecta tensión interpersonal relevante | S154: Cuando esto falla o no alcanza, ¿qué pasa entre las personas o áreas involucradas? | T154: Visible después de 6.10a/6.10b cuando la compensación ya implica interacción entre áreas/personas, o por activación de regla. | U154: Obligatoria si el bloque detecta que la variedad residual ya produce fricción entre actores. | V154: interpersonal_compensation_pattern | X154: normal | Y154: FALSE | AA154: captured_user_evidence | AB154: captured_user_evidence | AC154: captured_user_evidence | AD154: captured_user_evidence | AE154: No aplica / captura directa | AF154: No inferir como captured_user_evidence; exigir confirmación si afecta ruta canónica. | AG154: Audit log requerido si se deriva, corrige, bloquea o modifica ruta crítica. | AH154: PF | AI154: OLC; Governance/Readiness; VSM/AHE Prep | AJ154: Condicional | AK154: compensation_candidate | AL154: La compensación debe estar anclada en práctica observable, no juicio moral. | AM154: PF↔OLC; PM↔PF; conformance of real vs official process | AN154: Sí | AO154: S1; S2; S3; S3*; canal algedónico | AP154: S1 | S2 | S3* | S3 | algedonic_channel | AQ154: Sí | AR154: señal AHE solo si existe materialidad/compensación observable | AS154: alta | AT154: SCR; EvidenceBundle; MDSB; Inventory/Registry conditional; VSM/AHE prep | AU154: GapObject / EvidenceInsufficiency | AV154: explicitly_carried_forward if unresolved | AW154: Sin esta pregunta, el bloque puede captar sacrificio individual y workaround técnico, pero dejar subobservada la circulación interpersonal de la compensación. | AX154: 698c2dd71cf233ed5ed9374335973c69cc9101128dc064dcd5ee5f30e10d6216
A155: 0.1.0 | B155: 1.0 | C155: B6_6_11 | D155: C1B6-027 | E155: 6 | F155: 27 | G155: 6.11 | H155: Bloque_6_Documento_Madre_Capa1_v2_1_EVE_rev4_reconstruido.docx | I155: Versión del documento: 0.1 de trabajo | Base estructural: Diseno_Formal_Capa1_v2_1_Unificado | Base de redacción operativa: Marco de Trabajo y Catálogo de Preguntas v2.1 - Bloque 6 (Compensación Humana, Workaround y Variedad Residual). | Adecuación A | J155: Fuente canónica de nodos | K155: Fuente final aprobada | L155: 13 | M155: active | N155: base_question | O155: base | P155: compensacion_variedad_residual | Q155: Considerando todo lo anterior, ¿cuál es el PRINCIPAL MECANISMO por el cual TÚ haces que esto funcione cuando el sistema no alcanza? | R155: Siempre | S155: Considerando todo lo anterior, ¿cuál es el PRINCIPAL MECANISMO por el cual TÚ haces que esto funcione cuando el sistema no alcanza? | T155: Siempre visible al cierre del bloque. | U155: Siempre obligatoria. | V155: compensation_primary_mechanism | X155: normal | Y155: FALSE | AA155: captured_user_evidence | AB155: captured_user_evidence | AC155: captured_user_evidence | AD155: captured_user_evidence | AE155: No aplica / captura directa | AF155: No inferir como captured_user_evidence; exigir confirmación si afecta ruta canónica. | AG155: Audit log requerido si se deriva, corrige, bloquea o modifica ruta crítica. | AH155: PF | AI155: OLC; Governance/Readiness; VSM/AHE Prep | AJ155: Condicional | AK155: compensation_candidate | AL155: La compensación debe estar anclada en práctica observable, no juicio moral. | AM155: PF↔OLC; PM↔PF; conformance of real vs official process | AN155: Sí | AO155: S1; S2; S3; S3*; canal algedónico | AP155: S1 | S2 | S3* | S3 | algedonic_channel | AQ155: Sí | AR155: señal AHE solo si existe materialidad/compensación observable | AS155: media | AT155: SCR; EvidenceBundle; MDSB; Inventory/Registry conditional; VSM/AHE prep | AU155: ReviewNote / non_blocking_flag | AV155: explicitly_carried_forward if unresolved | AW155: Sin esta respuesta se pierde la síntesis operativa del mecanismo principal de compensación. | AX155: de22771ff946925cc986aae5ead7dba2cfadd480a96a07dfea5f774357ecf29e
A156: 0.1.0 | B156: 1.0 | C156: B6_6_A | D156: C1B6-028 | E156: 6 | F156: 28 | G156: 6.A | H156: Bloque_6_Documento_Madre_Capa1_v2_1_EVE_rev4_reconstruido.docx | I156: Versión del documento: 0.1 de trabajo | Base estructural: Diseno_Formal_Capa1_v2_1_Unificado | Base de redacción operativa: Marco de Trabajo y Catálogo de Preguntas v2.1 - Bloque 6 (Compensación Humana, Workaround y Variedad Residual). | Adecuación A | J156: Fuente canónica de nodos | K156: Fuente final aprobada | L156: 14 | M156: active | N156: clarification_node | O156: aclaracion | P156: compensacion_variedad_residual | Q156: Notamos una brecha o falla, pero no quedó claro cómo logras que no se caiga. ¿Hay algo que haces que no mencionaste? | R156: Por silencio sobre compensación | S156: Notamos una brecha o falla, pero no quedó claro cómo logras que no se caiga. ¿Hay algo que haces que no mencionaste? | T156: No aparece en flujo normal. | U156: Obligatoria solo si el motor la dispara. | V156: compensation_clarification_silence | X156: normal | Y156: FALSE | AA156: clarification | AB156: clarification | AC156: clarification | AD156: clarification | AE156: No aplica / captura directa | AF156: No inferir como captured_user_evidence; exigir confirmación si afecta ruta canónica. | AG156: Audit log requerido si se deriva, corrige, bloquea o modifica ruta crítica. | AH156: PF | AI156: OLC; Governance/Readiness; VSM/AHE Prep | AJ156: Condicional | AK156: compensation_candidate | AL156: La compensación debe estar anclada en práctica observable, no juicio moral. | AM156: PF↔OLC; PM↔PF; conformance of real vs official process | AN156: Sí | AO156: S1; S2; S3; S3*; canal algedónico | AP156: S1 | S2 | S3* | S3 | algedonic_channel | AQ156: Sí | AR156: señal AHE solo si existe materialidad/compensación observable | AS156: alta | AT156: SCR; EvidenceBundle; MDSB; Inventory/Registry conditional; VSM/AHE prep | AU156: GapObject / EvidenceInsufficiency | AV156: explicitly_carried_forward if unresolved | AW156: Sin esta aclaración, el silencio puede pasar intacto a consolidación. | AX156: 341ffa60156c80a797d6546804e987013107c7e380c0c6116ead047e5267bfb7
A157: 0.1.0 | B157: 1.0 | C157: B6_6_B | D157: C1B6-029 | E157: 6 | F157: 29 | G157: 6.B | H157: Bloque_6_Documento_Madre_Capa1_v2_1_EVE_rev4_reconstruido.docx | I157: Versión del documento: 0.1 de trabajo | Base estructural: Diseno_Formal_Capa1_v2_1_Unificado | Base de redacción operativa: Marco de Trabajo y Catálogo de Preguntas v2.1 - Bloque 6 (Compensación Humana, Workaround y Variedad Residual). | Adecuación A | J157: Fuente canónica de nodos | K157: Fuente final aprobada | L157: 15 | M157: active | N157: clarification_node | O157: aclaracion | P157: compensacion_variedad_residual | Q157: Dijiste que esa práctica existe y que tu jefe lo sabe. ¿Entonces es una regla oficial que no está documentada, o es algo que tu jefe tolera pero no aprueba formalmente? | R157: Por inconsistencia entre workaround y autoridad | S157: Dijiste que esa práctica existe y que tu jefe lo sabe. ¿Entonces es una regla oficial que no está documentada, o es algo que tu jefe tolera pero no aprueba formalmente? | T157: No aparece en flujo normal. | U157: Obligatoria solo si el motor la dispara. | V157: compensation_clarification_authority | X157: normal | Y157: FALSE | AA157: clarification | AB157: clarification | AC157: clarification | AD157: clarification | AE157: No aplica / captura directa | AF157: No inferir como captured_user_evidence; exigir confirmación si afecta ruta canónica. | AG157: Audit log requerido si se deriva, corrige, bloquea o modifica ruta crítica. | AH157: PF | AI157: OLC; Governance/Readiness; VSM/AHE Prep | AJ157: Condicional | AK157: compensation_candidate | AL157: La compensación debe estar anclada en práctica observable, no juicio moral. | AM157: PF↔OLC; PM↔PF; conformance of real vs official process | AN157: Sí | AO157: S1; S2; S3; S3*; canal algedónico | AP157: S1 | S2 | S3* | S3 | algedonic_channel | AQ157: Sí | AR157: señal AHE solo si existe materialidad/compensación observable | AS157: media | AT157: SCR; EvidenceBundle; MDSB; Inventory/Registry conditional; VSM/AHE prep | AU157: ReviewNote / non_blocking_flag | AV157: explicitly_carried_forward if unresolved | AW157: Sin esta aclaración, la regla informal queda borrosa. | AX157: a3bb6f36cfb928cdfadcdbb87b148c91c0a064e1422f81bcc6a17f78d2450486
